CUI	CONCEPT	SNOMED_CODE	concept_name_processed	cosine_distance
C0000765 	Excessive body weight gain,Excessive weight gain	224994002	excessive body weight gain,excessive weight gain	1.0
C0701811 	Poor short-term memory,Poor short-term memory	247592009	poor short-term memory,poor short-term memory	0.6479703
C0002170 	Alopecia,Loss of hair	278040002	alopecia,loss of hair	0.728799
C0549622 	Sexual Dysfunction,Sexual disorder	231532002	sexual dysfunction,sexual disorder	0.613652
C0027497 	Nausea,Nausea	422587007	nausea,nausea	0.5235426
C0344232 	Blurred vision,Blurring of visual image	111516008	blurred vision,blurring of visual image	0.64021224
C0037316 	Sleep Deprivation,Sleep deprivation	130989002	sleep deprivation,sleep deprivation	0.6893171
C0424000 	Feeling suicidal,Feeling suicidal	225457007	feeling suicidal,feeling suicidal	0.62418544
C0424565 	Cannot sleep at all,Cannot sleep at all	248255005	cannot sleep at all,cannot sleep at all	0.57613206
C1971624 	Loss of appetite,Loss of appetite	79890006	loss of appetite,loss of appetite	0.74796927
C0558066 	Intrusive thoughts,Intrusive thoughts	225445003	intrusive thoughts,intrusive thoughts	0.5499554
C0557386	Restricted work performance,Restricted work performance	224398005	restricted work performance,restricted work performance	0.6902422
C0086769 	Panic Attacks,Panic attack	225624000	panic attacks,panic attack	0.60631347
C0003467 	Anxiety,Anxiety	48694002	anxiety,anxiety	0.53924394
C0231403	Severe anxiety,Severe anxiety	80583007	severe anxiety,severe anxiety	0.64070576
C0233754 	Derealization,Derealization	40806005	derealization,derealization	0.59169304
C0917801 	Sleeplessness,Insomnia	193462001	sleeplessness,insomnia	0.6654513
C0012833 	Dizziness,Dizziness	404640003	dizziness,dizziness	0.58124506
C0010201 	Chronic cough,Chronic cough	68154008	chronic cough,chronic cough	0.6359267
C0043094 	Weight Gain,Weight gain	8943002	weight gain,weight gain	0.8663994
C2981158 	Lack of libido,Lack of libido	248096004	lack of libido,lack of libido	0.6976727
C0583237 	Emergency room admission,Emergency room admission	50849002	emergency room admission,emergency room admission	0.57940745
C0039231 	Tachycardia,Tachycardia	3424008	tachycardia,tachycardia	0.57287395
C0522365 	Severe vertigo,Severe vertigo	103298005	severe vertigo,severe vertigo	0.641626
C0424573 	Always sleepy,Always sleepy	248262001	always sleepy,always sleepy	0.5807729
C0560765 	Unable to maintain a position,Unable to maintain a position	282848007	unable to maintain a position,unable to maintain a position	0.5266339
C0042571 	Vertigo,Vertigo	399153001	vertigo,vertigo	0.46009094
C0043352 	Xerostomia,Xerostomia	87715008	xerostomia,xerostomia	0.4965619
C0425083 	Loss of job,Loss of job	266956001	loss of job,loss of job	0.634243
C0751908 	Vestibular Neuronitis,Epidemic vertigo	186738001	vestibular neuronitis,epidemic vertigo	0.58817387
C0037763 	Spasm,Spasm	45352006	spasm,spasm	0.5610906
C0231530 	Muscle twitch,Muscle twitch	60238002	muscle twitch,muscle twitch	0.5953354
C0231528 	Myalgia,Muscle pain	68962001	myalgia,muscle pain	0.653458
C0009676 	Confusion,Confusional state	286933003	confusion,confusional state	0.5566306
C0016382 	Flushing,Face goes red	271811009	flushing,face goes red	0.4699598
C0033893 	Tension Headache,Tension-type headache	398057008	tension headache,tension-type headache	0.6504286
C0700590 	Increased sweating,Excessive sweating	52613005	increased sweating,excessive sweating	0.7453607
C0242350 	Erectile dysfunction,Impotence	397803000	erectile dysfunction,impotence	0.6817223
C0149931 	Migraine Disorders,Migraine	37796009	migraine disorders,migraine	0.6111838
C0497247 	Increase in blood pressure,Finding of increased blood pressure	24184005	increase in blood pressure,finding of increased blood pressure	0.6856208
C0235195 	Sedated state,Sedated	17971005	sedated state,sedated	0.5300087
C0424444 	Clenching teeth,Clenching teeth	110302009	clenching teeth,clenching teeth	0.56074893
C0234022 	Orgasm incapacity,Orgasm incapacity	62607004	orgasm incapacity,orgasm incapacity	0.5841243
C0456820 	Loss of capacity to feel emotions,Loss of capacity to feel emotions	45991007	loss of capacity to feel emotions,loss of capacity to feel emotions	0.63755226
C0002622 	Amnesia,Amnesia	48167000	amnesia,amnesia	0.5251887
C0233469 	Blunted affect,Blunted affect	6140007	blunted affect,blunted affect	0.5848467
C0233484 	Emotionally detached,Emotionally detached	24936000	emotionally detached,emotionally detached	0.56025815
C0233794 	Memory impairment,Memory impairment	386807006	memory impairment,memory impairment	0.66593206
C0701810	Poor long-term memory,Poor long-term memory,Long-term memory loss	247588002	poor long-term memory,poor long-term memory,long-term memory loss	0.6338934
C0006325 	Bruxism,Grinding teeth	90207007	bruxism,grinding teeth	0.6201879
C0018681 	Headache,Headache	25064002	headache,headache	0.5353883
C0042963 	Vomiting,Vomiting symptom	249497008	vomiting,vomiting symptom	0.6642382
C4075722 	Wakes up during night,Wakes up during night	713822005	wakes up during night,wakes up during night	0.5531861
C0860645 	Bizarre dreams,Bizarre dreams	419581008	bizarre dreams,bizarre dreams	0.5121271
C0233763 	Hallucinations, Visual,Visual hallucinations	64269007	hallucinations, visual,visual hallucinations	0.5668159
C0586742 	Difficulty reading,Difficulty reading	309253009	difficulty reading,difficulty reading	0.6266477
C0520947 	Clumsiness - motor delay,Clumsiness - motor delay	307653008	clumsiness - motor delay,clumsiness - motor delay	0.6555455
C0424117 	Excessive energy,Excessive energy	247779009	excessive energy,excessive energy	0.70070523
C0581881 	Heavy head,Heavy head	162311003	heavy head,heavy head	0.58593315
C0344315 	Depressed mood,Depressed mood	366979004	depressed mood,depressed mood	0.66617996
C0015672 	Fatigue,Fatigue	84229001	fatigue,fatigue	0.58039296
C0085632 	Apathy,Indifference	20602000	apathy,indifference	0.5296383
C0027066 	Myoclonus,Myoclonic disorder	127324008	myoclonus,myoclonic disorder	0.5479443
C0678798 	Adverse drug interaction,Adverse drug interaction with drug	448178009	adverse drug interaction,adverse drug interaction with drug	0.6138601
C0557875 	Tired,Tired	224960004	tired,tired	0.5440726
C0812387 	Feels cold,Feels cold	64713002	feels cold,feels cold	0.5240433
C0233494 	Tension,Tension	53489000	tension,tension	0.5254709
C0013144 	Drowsiness,Drowsy	271782001	drowsiness,drowsy	0.56243443
C0018616 	Hate,Feeling hatred	16962006	hate,feeling hatred	0.572755
C0028081 	Night sweats,Night sweats	42984000	night sweats,night sweats	0.56979895
C0085633 	Mood swings,Mood swings	18963009	mood swings,mood swings	0.59540844
C0564408 	Manic mood,Manic mood	405273008	manic mood,manic mood	0.59545755
C0011551 	Depersonalization,Depersonalization	79499004	depersonalization,depersonalization	0.606189
C0393761 	Middle insomnia,Middle insomnia	67233009	middle insomnia,middle insomnia	0.60624665
C0344320 	Detailed recall of dream,Detailed recall of dream	247953009	detailed recall of dream,detailed recall of dream	0.5958041
C0392171 	Influenza-like symptoms,Influenza-like symptoms	315642008	influenza-like symptoms,influenza-like symptoms	0.5766106
C1446377	Mental health problem,Mental health problem	413307004	mental health problem,mental health problem	0.64201576
C0018834 	Heartburn,Heartburn	16331000	heartburn,heartburn	0.6111865
C0281856 	Generalized aches and pains,Generalized aches and pains	82991003	generalized aches and pains,generalized aches and pains	0.56127906
C0030193 	Pain,Pain	22253000	pain,pain	0.49057072
C0455270 	Sharp pain,Sharp pain	8708008]	sharp pain,sharp pain	0.5248097
C0009269 	Cold intolerance,Intolerant of cold	80585000	cold intolerance,intolerant of cold	0.50746274
C0520547 	Poor peripheral circulation,Poor peripheral circulation	4249000	poor peripheral circulation,poor peripheral circulation	0.65177673
C0234238 	Ache,Aching sensation quality	410711009	ache,aching sensation quality	0.5275327
C0423572 	Pins and needles,Pins and needles	62507009	pins and needles,pins and needles	0.44272882
C0023380 	Lethargy,Lethargy	214264003	lethargy,lethargy	0.56842804
C0425251 	Bed-ridden,Bed-ridden	160685001	bed-ridden,bed-ridden	0.5298677
C0314719 	Dryness of eye,Dry eyes	162290004	dryness of eye,dry eyes	0.5978968
C0028840 	Ocular Hypertension,Ocular hypertension	4210003	ocular hypertension,ocular hypertension	0.60899675
C0235198 	Unable to concentrate,Unable to concentrate	60032008	unable to concentrate,unable to concentrate	0.60622126
C3839824 	Lip sucking,Lip sucking	700247008	lip sucking,lip sucking	0.5628183
C0037317 	Sleep disturbances,Disturbance in sleep behavior	53888004	sleep disturbances,disturbance in sleep behavior	0.66786885
C0392674 	Exhaustion,Exhaustion	60119000]	exhaustion,exhaustion	0.55609095
C0012833 	Dizziness,dizziness	404640003	dizziness,dizziness	0.58124506
C0392171 	Influenza-like symptoms,influenza-like symptoms	315642008	influenza-like symptoms,influenza-like symptoms	0.5766106
C0042963 	Vomiting,vomiting symptom	249497008	vomiting,vomiting symptom	0.6642382
C0233408 	Disorientated in time,disorientated in time	19657006	disorientated in time,disorientated in time	0.5568923
C0151786 	Muscle Weakness,muscle weakness	26544005	muscle weakness,muscle weakness	0.6813817
C0013404 	Dyspnea,dyspnea	267036007	dyspnea,dyspnea	0.5672717
C0456814 	Loss of motivation,Loss of motivation	277521002	loss of motivation,loss of motivation	0.68182796
C0558078 	Low motivation,Low motivation	26413003	low motivation,low motivation	0.66320544
C0424336 	Delayed reaction time - finding,Finding of delayed reaction time	248024008	delayed reaction time - finding,finding of delayed reaction time	0.5725099
C0542476 	Forgetful,Forgetful	55533009	forgetful,forgetful	0.4925025
C0338656 	Impaired cognition,Impaired cognition	386806002	impaired cognition,impaired cognition	0.66469526
C0231403 	Severe anxiety,Severe anxiety	80583007	severe anxiety,severe anxiety	0.64070576
C0030318 	Panic,Panic	79823003	panic,panic	0.512053
C0342952 	Hypermetabolism,Hypermetabolism	37910008	hypermetabolism,hypermetabolism	0.61196196
C0030252 	Palpitations,Palpitations	80313002	palpitations,palpitations	0.5467077
C0235239 	Palpitations - fluttering,Fluttering heart	161969004	palpitations - fluttering,fluttering heart	0.4638574
C0159066 	Abdominal rigidity,Abdominal rigidity	72300008	abdominal rigidity,abdominal rigidity	0.69154406
C3164199 	Adverse drug interaction with alcohol,Adverse drug interaction with alcohol	448091007	adverse drug interaction with alcohol,adverse drug interaction with alcohol	0.64269173
C0237314 	Irregular heart beat,Irregular heart beat	361137007	irregular heart beat,irregular heart beat	0.6337136
C0438696 	Suicidal,Suicidal	267073005	suicidal,suicidal	0.40376538
C0278140 	Severe pain,Severe pain	76948002	severe pain,severe pain	0.62916756
C3887605 	Nightmare Disorder,Dream anxiety disorder	111487009	nightmare disorder,dream anxiety disorder	0.57005954
C0038990 	Sweating,Sweating	415690000	sweating,sweating	0.52359855
C0424099 	Reduced concentration,Reduced concentration	247761005	reduced concentration,reduced concentration	0.6539851
C0043387 	Yawning,Yawning	248626009	yawning,yawning	0.5409311
C0040822 	Tremor,Tremor	26079004	tremor,tremor	0.46440768
C1827663 	Difficulty maintaining relationships,Difficulty maintaining relationships	424573006	difficulty maintaining relationships,difficulty maintaining relationships	0.62476283
C0085602 	Polydipsia,Finding of excessive fluid intake	267026004	polydipsia,finding of excessive fluid intake	0.6677277
C0600142 	Hot flushes,Climacteric flushing	427368007	hot flushes,climacteric flushing	0.61844516
C0232292 	Chest tightness,Tight chest	23924001	chest tightness,tight chest	0.5901723
C1443924 	Severe diarrhea,Severe diarrhea	409587002	severe diarrhea,severe diarrhea	0.6199639
C0042023 	Increased frequency of micturition,Finding of frequency of urination	300471006	increased frequency of micturition,finding of frequency of urination	0.6386261
C0586746 	Excessive weight loss,Excessive weight loss	309257005	excessive weight loss,excessive weight loss	0.9368079
C0344375 	Stomach cramps,Stomach cramps	51197009	stomach cramps,stomach cramps	0.6018014
C0040997 	Trigeminal Neuralgia,Trigeminal neuralgia	31681005	trigeminal neuralgia,trigeminal neuralgia	0.5677883
C0020175 	Hunger,Hungry	55350005	hunger,hungry	0.49371827
C0150041 	Feeling hopeless,Feeling hopeless	307077003	feeling hopeless,feeling hopeless	0.5747113
C0424166 	Social fear,Social fear	247832004	social fear,social fear	0.6231166
C0425736 	Cannot be aroused sexually,Cannot be aroused sexually	248763005	cannot be aroused sexually,cannot be aroused sexually	0.60469663
C0016770 	Frustration,Feeling frustrated	224973000	frustration,feeling frustrated	0.6046658
C0221512 	Stomach ache,Stomach ache	271681002	stomach ache,stomach ache	0.61693954
C0028643 	Numbness,Numbness	44077006	numbness,numbness	0.55215997
C0009806 	Constipation,Constipation	14760008	constipation,constipation	0.60520947
C0393760 	Initial insomnia,Initial insomnia	59050008	initial insomnia,initial insomnia	0.5868976
C0520913 	Defective metabolism,Defective metabolism	63569001	defective metabolism,defective metabolism	0.64672637
C0231247 	Failure to lose weight,Failure to lose weight	83421005	failure to lose weight,failure to lose weight	0.79445314
C0497406 	Overweight,Overweight	238131007	overweight,overweight	0.7774703
C0235969 	Disorder of ejaculation,Disorder of ejaculation	386790008	disorder of ejaculation,disorder of ejaculation	0.6232241
C0677660 	Emotional problems,Emotional problems	386816005	emotional problems,emotional problems	0.5694962
C1298942 	Excessive somnolence,Excessive somnolence	372947007	excessive somnolence,excessive somnolence	0.6005613
C0022107 	Irritable Mood,Feeling irritable	55929007	irritable mood,feeling irritable	0.6190144
C0520966 	Abnormal coordination,Coordination problem	302289002	abnormal coordination,coordination problem	0.59599197
C0564332 	Difficulty preparing meal,Difficulty preparing meal	286493007	difficulty preparing meal,difficulty preparing meal	0.598361
C3536730 	Stumbling,Stumbling	82612009	stumbling,stumbling	0.50122637
C1283330 	Absenteeism at work,Absenteeism at work	360484006	absenteeism at work,absenteeism at work	0.6318814
C0558077 	Constantly crying,Constantly crying	225460000	constantly crying,constantly crying	0.5909144
C2219848 	Daytime somnolence,Daytime somnolence	141000119100	daytime somnolence,daytime somnolence	0.57814765
C0563717 	Unable to control emotions,Unable to control emotions	285851007	unable to control emotions,unable to control emotions	0.61291814
C0178417 	Anhedonia,Loss of capacity for enjoyment	247796005	anhedonia,loss of capacity for enjoyment	0.6534622
C0233514 	Abnormal behavior,Abnormal behavior	25786006	abnormal behavior,abnormal behavior	0.6445932
C0011124 	Decreased Libido,Reduced libido	8357008	decreased libido,reduced libido	0.69715333
C0085636 	Photophobia,Photophobia	409668002	photophobia,photophobia	0.61897004
C1821572 	Decreased level of consciousness,Decreased level of consciousness	443371007	decreased level of consciousness,decreased level of consciousness	0.6837583
C0563158 	Compulsion to act on dangerous thoughts,Compulsion to act on dangerous thoughts	285255005	compulsion to act on dangerous thoughts,compulsion to act on dangerous thoughts	0.5441327
C0438697 	Crying, excessive,Crying, excessive	162213003	crying, excessive,crying, excessive	0.6328564
C0521008 	Screaming,Screaming	81916006	screaming,screaming	0.49635857
C0558261 	Terrified,Terrified	225634009	terrified,terrified	0.47290087
C0522172 	Feeling intoxicated,Feeling intoxicated	102897001	feeling intoxicated,feeling intoxicated	0.63781625
C0019993 	Hospitalization,Inpatient care	394656005	hospitalization,inpatient care	0.5367054
C2364111 	Ageusia,Loss of taste	36955009	ageusia,loss of taste	0.6191949
C0424431 	Craving for particular food,Craving for particular food	192019001	craving for particular food,craving for particular food	0.6194097
C0020505 	Hyperphagia,Excessive eating - polyphagia	267023007	hyperphagia,excessive eating - polyphagia	0.68593645
C1291077 	Abdominal bloating,Bloating symptom	248490000	abdominal bloating,bloating symptom	0.59404916
C0424555 	Clammy sweat,Clammy sweat	248245006	clammy sweat,clammy sweat	0.61103773
C0849963 	Feeling nervous,Feeling nervous	424196004	feeling nervous,feeling nervous	0.57331085
C0018524 	Hallucinations,Hallucinations	7011001	hallucinations,hallucinations	0.5452033
C0428895 	Labile blood pressure,Labile blood pressure	251080003	labile blood pressure,labile blood pressure	0.6795677
C0233998 	Orgasm impairment,Orgasm impairment	40915004	orgasm impairment,orgasm impairment	0.6426032
C0011991 	Diarrhea,Diarrhea	62315008	diarrhea,diarrhea	0.584116
C0554978 	Racing thoughts,Racing thoughts	285303006	racing thoughts,racing thoughts	0.5128318
C0235146 	Euphoric mood,Feeling high	307074005	euphoric mood,feeling high	0.62427294
C0000737 	Abdominal Pain,Abdominal pain	21522001	abdominal pain,abdominal pain	0.6548667
C1971624	Loss of appetite,Loss of appetite,Appetite absent	79890006	loss of appetite,loss of appetite,appetite absent	0.7292782
C0232462 	Decrease in appetite,Decrease in appetite	64379006	decrease in appetite,decrease in appetite	0.763108
C0700031 	Anxiety attack,Anxiety attack	300895004	anxiety attack,anxiety attack	0.6486081
C0001241 	Acting Out,Acting out - mental defense mechanism	286662000	acting out,acting out - mental defense mechanism	0.58396274
C0013404 	Dyspnea,Dyspnea	267036007	dyspnea,dyspnea	0.5672717
C0005911 	Body Weight Changes,Weight change	248346009	body weight changes,weight change	0.8499143
C0232461 	Increased appetite,Increased appetite	72405004	increased appetite,increased appetite	0.74087584
C0426584 	Excessive appetite,Excessive appetite	102608004	excessive appetite,excessive appetite	0.7459266
C0427195 	Muscle Tension,Muscle tension	250069006	muscle tension,muscle tension	0.60015595
C0003862 	Arthralgia,Joint pain	57676002	arthralgia,joint pain	0.6391725
C0475858 	Generalized pruritus,Generalized pruritus	276444007	generalized pruritus,generalized pruritus	0.5909281
C0423684 	Thoracic back pain,Thoracic back pain	279038004	thoracic back pain,thoracic back pain	0.60878646
C0004604 	Back Pain,Backache	161891005	back pain,backache	0.5661334
C0010709 	Cyst,Cyst	441457006	cyst,cyst	0.46749246
C0033774 	Pruritus,Itching	418290006	pruritus,itching	0.5137521
C0917799 	Hypersomnia,Hypersomnia	77692006	hypersomnia,hypersomnia	0.6003747
C0423994 	Unable to think clearly,Unable to think clearly	247640008	unable to think clearly,unable to think clearly	0.5657717
C0018379 	Guilt,Feeling guilt	7571003	guilt,feeling guilt	0.5725029
C0028084 	Nightmares,Nightmares	419145002	nightmares,nightmares	0.4435678
C3263685 	Hormone abnormality,Hormone abnormality	84452004	hormone abnormality,hormone abnormality	0.6840082
C0424939 	Learning difficulties,Learning difficulties	161129001	learning difficulties,learning difficulties	0.61216307
C0005826 	Abnormal blood pressure,Abnormal blood pressure	38936003	abnormal blood pressure,abnormal blood pressure	0.71752626
C0554980 	Moody,Moody	286641001	moody,moody	0.3930233
C0392156 	Akathisia,Akathisia	285145004	akathisia,akathisia	0.48728484
C0278180 	Drugged state,Drugged state	34951003	drugged state,drugged state	0.5780293
C0234019 	Does not enjoy having sex,Does not enjoy having sex	87388001	does not enjoy having sex,does not enjoy having sex	0.6643365
C0036902 	Sexual Arousal Disorder,Sexual arousal disorder	74007000	sexual arousal disorder,sexual arousal disorder	0.64708215
C0026961 	Mydriasis,Dilated pupil	37125009	mydriasis,dilated pupil	0.55483556
C0556385 	Craving for alcohol,Craving for alcohol	228365005	craving for alcohol,craving for alcohol	0.6982297
C0151474 	Alcohol intolerance,Alcohol intolerance	102612005	alcohol intolerance,alcohol intolerance	0.66143715
C0312422 	Blackout - symptom,Blackout	418648005	blackout - symptom,blackout	0.5362109
C0542313 	Sleep Talking,Sleeptalking	36321004	sleep talking,sleeptalking	0.643108
C0233479 	Elevated mood,Elevated mood	81548002	elevated mood,elevated mood	0.58830297
C0001973 	Alcoholic Intoxication, Chronic,Alcohol dependence	66590003	alcoholic intoxication, chronic,alcohol dependence	0.68169254
C0009938 	Contusions,Contusion	125667009	contusions,contusion	0.499916
C0036341 	Schizophrenia,Schizophrenia	58214004	schizophrenia,schizophrenia	0.49400887
C0085631 	Agitation,Feeling agitated	24199005	agitation,feeling agitated	0.56537986
C0871189 	Psychotic symptom,Psychotic symptom	363895008	psychotic symptom,psychotic symptom	0.5684871
C4304747 	Intelligible speech,Intelligible speech	719401001	intelligible speech,intelligible speech	0.5001949
C0424323 	Physical aggression,Physical aggression	248004009	physical aggression,physical aggression	0.6487898
C1262477 	Weight decreased,Weight loss	89362005	weight decreased,weight loss	0.88371456
C0233471 	Flat affect,Flat affect	932006	flat affect,flat affect	0.5543984
C0021177 	Increased Libido,Increased libido	58436003	increased libido,increased libido	0.6891503
C0423044	Poor focus,Poor focus	246720002	poor focus,poor focus	0.5764495
C3887611 	Restlessness,Restlessness	162221009	restlessness,restlessness	0.60519695
C0424558 	Sweaty hands,Sweaty hands	248248008	sweaty hands,sweaty hands	0.5970967
C0007859 	Neck Pain,Neck pain	81680005	neck pain,neck pain	0.6484699
C0233565 	Bradykinesia,Bradykinesia	399317006	bradykinesia,bradykinesia	0.5282299
C0020039 	Hostility,Hostile behavior	79351003	hostility,hostile behavior	0.5826332
C0563146 	Slow flow of thought,Slow flow of thought	247627003	slow flow of thought,slow flow of thought	0.58638346
C0151908 	Dry skin,Dry skin	16386004	dry skin,dry skin	0.49319535
C0277960 	Dry hair,Dry hair	79395009	dry hair,dry hair	0.5771892
C3672010 	Lip licking,Lip licking	700248003	lip licking,lip licking	0.51848084
C0040264 	Tinnitus,Tinnitus	60862001	tinnitus,tinnitus	0.4179715
C0008031 	Chest Pain,Chest pain	29857009	chest pain,chest pain	0.638368
C0522165 	Feeling calm,Feeling calm	102894008	feeling calm,feeling calm	0.5856343
C0566582 	Appetite problem,Appetite problem	289163007	appetite problem,appetite problem	0.6846423
C0080274 	Urinary Retention,Unable to void urine	449491000124101	urinary retention,unable to void urine	0.6488018
C0013604 	Edema,Edema	267038008	edema,edema	0.52691406
C0002957 	Anger,Feeling angry	75408008	anger,feeling angry	0.58161974
C1277340 	Deterioration in school performance,Deterioration in school performance	315245004	deterioration in school performance,deterioration in school performance	0.6413045
C0220870 	Lightheadedness,Lightheadedness	386705008	lightheadedness,lightheadedness	0.5649154
C0424528 	Dream-like state,Seems in a dream	19129003	dream-like state,seems in a dream	0.4995687
C0558127 	Feels dreams are real,Feels dreams are real	225522006	feels dreams are real,feels dreams are real	0.5042827
C0270327 	Bedwetting,Nocturnal enuresis	8009008	bedwetting,nocturnal enuresis	0.620946
C0235309 	Upset stomach,Upset stomach	162059005	upset stomach,upset stomach	0.63505423
C0557386 	Restricted work performance,Restricted work performance	224398005	restricted work performance,restricted work performance	0.6902422
C0024031 	Low Back Pain,Low back pain	279039007	low back pain,low back pain	0.6361313
C0022104 	Irritable Bowel Syndrome,Irritable bowel syndrome	10743008	irritable bowel syndrome,irritable bowel syndrome	0.6682553
C0015230 	Exanthema,Cutaneous eruption	112625008	exanthema,cutaneous eruption	0.52674097
C0564548 	Callous character,Callous character	286734003	callous character,callous character	0.51583993
C0231218 	Malaise,Malaise	367391008	malaise,malaise	0.5405685
C0027424 	Nasal congestion,Nasal congestion	68235000]	nasal congestion,nasal congestion	0.64501446
C0349446 	Dissociative trance,Dissociative trance	276296007	dissociative trance,dissociative trance	0.53370357
C0085593 	Chills,Chill	43724002	chills,chill	0.46877122
C0278210 	Problem of visual accommodation,Problem of visual accommodation	55891002	problem of visual accommodation,problem of visual accommodation	0.5819323
C0233408 	Disorientated in time,Disorientated in time	19657006	disorientated in time,disorientated in time	0.5568923
C0233407 	Disorientation,Disorientated	62476001	disorientation,disorientated	0.58407545
C0231303 	Distress,Distress	69328002	distress,distress	0.5109211
C0424432 	Craving for particular drink,Craving for particular drink	248133008	craving for particular drink,craving for particular drink	0.6020627
C0413862 	Adverse reaction to caffeine,Adverse reaction caused by caffeine	218799005	adverse reaction to caffeine,adverse reaction caused by caffeine	0.6179764
C2129214 	Loose stool,loose stool	398032003	loose stool,loose stool	0.5463686
C0234047 	Late ejaculation,Late ejaculation	15405008	late ejaculation,late ejaculation	0.5853572
C4074971 	Unable to cry,Unable to cry	715039008	unable to cry,unable to cry	0.53622794
C0232124 	Dropped beats - pulse,Dropped beats - pulse	86890001	dropped beats - pulse,dropped beats - pulse	0.51556206
C0231218	Malaise,Undifferentiated illness: Vague ill health,Malaise	248282002	malaise,undifferentiated illness: vague ill health,malaise	0.61008394
C0582051 	Feels warm,Feels warm	304214002	feels warm,feels warm	0.5277188
C0425769 	Excessive orgasm,Excessive orgasm	248799000	excessive orgasm,excessive orgasm	0.64245975
C0232487 	Abdominal discomfort,Abdominal discomfort	43364001	abdominal discomfort,abdominal discomfort	0.70688605
C0312418 	Personality Sensitivity,Sensitivity	35209006	personality sensitivity,sensitivity	0.530764
C2958630 	Sense of impending doom,Sense of impending doom	712759008	sense of impending doom,sense of impending doom	0.58090806
C0036660 	Morbid hunger,Morbid hunger	32939004	morbid hunger,morbid hunger	0.55666935
C0425766 	Weak orgasm,Weak orgasm	248796007	weak orgasm,weak orgasm	0.5586842
C4074950 	Difficulty crying,Difficulty crying	715042002	difficulty crying,difficulty crying	0.6747593
C4048182 	Unable to swallow,Unable to swallow	249486008	unable to swallow,unable to swallow	0.52567977
C0455769 	Increased energy,Increased energy	276301007	increased energy,increased energy	0.64776
C0577027 	Stomach problem,Stomach problem	300306001	stomach problem,stomach problem	0.6462968
C0038663 	Suicide attempt,Suicide attempt	82313006	suicide attempt,suicide attempt	0.58270013
C0016053 	Fibromyalgia,Fibromyalgia	203082005	fibromyalgia,fibromyalgia	0.58472097
C0041674 	Unemployment,Unemployed	73438004	unemployment,unemployed	0.5284428
C0562319 	Examination of heart,Examination of heart	284448002	examination of heart,examination of heart	0.5436766
C4275267 	Referral to critical care service,Referral to critical care service	715189003	referral to critical care service,referral to critical care service	0.498609
C0522179 	Death anxiety,Death anxiety	129869000	death anxiety,death anxiety	0.6479731
C0424095 	Social withdrawal,Social withdrawal	105411000	social withdrawal,social withdrawal	0.59944206
C0311394 	Difficulty walking,Difficulty walking	719232003	difficulty walking,difficulty walking	0.61549723
C0029944 	Drug Overdose,Drug overdose	55680006	drug overdose,drug overdose	0.6480657
C1760428 	Suicidal behavior,Suicidal behavior	425104003	suicidal behavior,suicidal behavior	0.63520473
C0021167 	Incontinence,Incontinence	48340000	incontinence,incontinence	0.5696615
C0547030 	Visual disturbance,Visual alteration	131182003	visual disturbance,visual alteration	0.60525715
C1456784 	Paranoia,Paranoid disorder	191667009	paranoia,paranoid disorder	0.57756805
C0039070 	Syncope,Syncope	271594007	syncope,syncope	0.48459977
C0583786 	Seen in psychiatry day hospital,Seen in psychiatry day hospital	305908005	seen in psychiatry day hospital,seen in psychiatry day hospital	0.5348561
C0037320 	Night Terrors,Sleep terror disorder	89675003	night terrors,sleep terror disorder	0.5796988
C0233762 	Hallucinations, Auditory,Auditory hallucinations	45150006	hallucinations, auditory,auditory hallucinations	0.5786129
C0039494 	Temporomandibular Joint Disorders,Temporomandibular joint disorder	41888000	temporomandibular joint disorders,temporomandibular joint disorder	0.56958383
C0424304 	Inappropriate laughter,Inappropriate laughter	247985007	inappropriate laughter,inappropriate laughter	0.5804516
C0241729 	Weight fluctuates,Weight fluctuates	248332009	weight fluctuates,weight fluctuates	0.66551656
C0150079 	Sleep pattern disturbance,Sleep pattern disturbance	26677001	sleep pattern disturbance,sleep pattern disturbance	0.65031326
C0554985 	Aggressive outburst,Aggressive outburst	192083006	aggressive outburst,aggressive outburst	0.56154114
C0560617 	Knocked out,Knocked out	282750008	knocked out,knocked out	0.54484254
C0017168 	Gastroesophageal reflux disease,Acid reflux	698065002	gastroesophageal reflux disease,acid reflux	0.56017464
C0017187 	Gastrointestinal problem,Gastrointestinal tract problem	300439004	gastrointestinal problem,gastrointestinal tract problem	0.62226963
C0424366 	Self-harm,Self-harm	248061004	self-harm,self-harm	0.57450986
C0850674 	Twitching eye,Twitching eye	699377006	twitching eye,twitching eye	0.55989134
C0877781 	Hemicrania,Unilateral headache	103006007	hemicrania,unilateral headache	0.56033456
C2141086 	Pain of left eye,Pain of left eye	339211000119104	pain of left eye,pain of left eye	0.58945286
C0239511 	Numbness of face,Numbness of face	309557009	numbness of face,numbness of face	0.59233344
C0239832 	Numbness of hand,Numbness of hand	309521004	numbness of hand,numbness of hand	0.59423244
C0151315 	Neck stiffness,Stiff neck	161882006	neck stiffness,stiff neck	0.6458726
C0241042 	Shoulder stiff,Shoulder stiff	249918006	shoulder stiff,shoulder stiff	0.56389695
C0564820 	Pain in left arm,Pain in left arm	287045000	pain in left arm,pain in left arm	0.58805203
C0020604 	Hypochondriasis,Hypochondriasis	18193002	hypochondriasis,hypochondriasis	0.5470729
C0012746 	Dissociative disorder,Dissociative disorder	44376007	dissociative disorder,dissociative disorder	0.6078559
C0425101 	Problems at work,Problems at work	266959008	problems at work,problems at work	0.5852674
C0426585 	Always hungry,Always hungry	249472009	always hungry,always hungry	0.57196957
C0575010 	Temporomandibular joint stiff,Temporomandibular joint stiff	298231004	temporomandibular joint stiff,temporomandibular joint stiff	0.5482807
C2364087 	Actual Low Initiative,Loss of initiative	276306002	actual low initiative,loss of initiative	0.6034022
C0569700 	Dopamine adverse reaction,Dopamine adverse reaction	292518004	dopamine adverse reaction,dopamine adverse reaction	0.58523667
C0020615 	Hypoglycemia,Hypoglycemia	302866003	hypoglycemia,hypoglycemia	0.56778324
C0041755 	Adverse reaction to drug,Adverse reaction caused by drug	62014003	adverse reaction to drug,adverse reaction caused by drug	0.61153275
C0016242 	Vitreous floaters,Vitreous floaters	15013002	vitreous floaters,vitreous floaters	0.57859933
C0035258 	Restless Legs Syndrome,Restless legs	32914008	restless legs syndrome,restless legs	0.62941825
C0235169 	Excitability,Excitability	102893002	excitability,excitability	0.5663793
C0455204 	Homicidal thoughts,Homicidal thoughts	225450009	homicidal thoughts,homicidal thoughts	0.5550816
C0702166 	Acne,Acne	11381005	acne,acne	0.5470575
C0522058 	Carbohydrate craving,Carbohydrate craving	102607009	carbohydrate craving,carbohydrate craving	0.602794
C0013473 	Eating Disorders,Eating disorder	72366004	eating disorders,eating disorder	0.64924276
C0235050 	Tingling of skin,Tingling of skin	274676007	tingling of skin,tingling of skin	0.58016074
C0522057 	Numbness of skin,Numbness of skin	102603008	numbness of skin,numbness of skin	0.6178099
C0558219 	Easily upset,Easily upset	225653004	easily upset,easily upset	0.5078989
C0581879 	Felt faint,Feeling faint	248223005	felt faint,feeling faint	0.5412735
C0522173 	Absence of guilt,Absence of guilt	102905003	absence of guilt,absence of guilt	0.5881139
C0424295 	Hyperactive behavior,Hyperactive behavior	44548000	hyperactive behavior,hyperactive behavior	0.6651677
C0395016 	Speech problem,Speech problem	267095009	speech problem,speech problem	0.60773784
C2018018 	Speech block,Speech block	719399007	speech block,speech block	0.5262724
C0677661 	Emotional upset,Emotional upset	309838005	emotional upset,emotional upset	0.6297874
C0234463 	Amnemonic aphasia,Amnemonic aphasia	85799002	amnemonic aphasia,amnemonic aphasia	0.54122615
C0236858 	Partner relationship problem,Partner relationship problem	1041000119100	partner relationship problem,partner relationship problem	0.5991894
C0555026 	Marital conflict,Marital problems	65118005	marital conflict,marital problems	0.5446868
C0424132 	Tedium vitae,Tedium vitae	247795009	tedium vitae,tedium vitae	0.46087235
C0024517 	Single major depressive episode,Major depression, single episode	36923009	single major depressive episode,major depression, single episode	0.57658476
C0424112 	Unable to cry with emotion,Unable to cry with emotion	247773005	unable to cry with emotion,unable to cry with emotion	0.55262375
C3495011 	Drug interaction with tobacco,Drug interaction with tobacco	432381000124102	drug interaction with tobacco,drug interaction with tobacco	0.68566215
C2939147 	Feels hot,Feels hot	373932008	feels hot,feels hot	0.5172689
C0015726 	Fear,Fear	1402001	fear,fear	0.5265548
C0026603 	Motion Sickness,Motion sickness	37031009	motion sickness,motion sickness	0.6297195
C0277884 	Increased systolic arterial pressure,Increased systolic arterial pressure	18050000	increased systolic arterial pressure,increased systolic arterial pressure	0.59669775
C0023222 	Pain in lower limb,Pain in lower limb	10601006	pain in lower limb,pain in lower limb	0.6293454
C0241633 	Vaginal dryness,Vaginal dryness	31908003	vaginal dryness,vaginal dryness	0.67501485
C0235283 	Buzzing in ear,Buzzing in ear	162351000	buzzing in ear,buzzing in ear	0.52301204
C0424572 	Oversleeps,Oversleeps	248261008	oversleeps,oversleeps	0.5063395
C0233492 	Elation,Elation	34822003	elation,elation	0.49642855
C0027338 	Nail Biting,Nail biting	37298006	nail biting,nail biting	0.5448936
C0578994 	Unpleasant taste in mouth,Bad taste in mouth	302188001	unpleasant taste in mouth,bad taste in mouth	0.6141816
C0239649 	Numbness of foot,Numbness of foot	309538000	numbness of foot,numbness of foot	0.6311854
C0037199	Sinusitis,Sinusitis,Sinusitis	36971009	sinusitis,sinusitis,sinusitis	0.60534877
C0036973 	Shivering,Shivering or rigors	248456009	shivering,shivering or rigors	0.55654246
C0522224 	Paralysed,Paralysis	44695005	paralysed,paralysis	0.5865096
C0578673 	Difficulty moving,Difficulty moving	302002000	difficulty moving,difficulty moving	0.63575697
C0036572 	Seizures,Seizure	91175000	seizures,seizure	0.54643834
C0558185 	Unable to move,Unable to move	225601007	unable to move,unable to move	0.5828973
C0564216 	Unable to speak,Unable to speak	286369003	unable to speak,unable to speak	0.5621015
C0566276 	Unable to drink,Unable to drink	288854000	unable to drink,unable to drink	0.66701293
C0233632 	Disturbance in thinking,Disturbance in thinking	26628009	disturbance in thinking,disturbance in thinking	0.6482196
C0557885 	Feeling trapped,Feeling trapped	224976008	feeling trapped,feeling trapped	0.5512849
C0581394 	Swollen legs,Swelling of lower limb	449614009	swollen legs,swelling of lower limb	0.60202205
C0033771 	Prurigo,Pruritic rash	64144002	prurigo,pruritic rash	0.5360031
C0149745 	Oral Ulcer,Ulcer of mouth	26284000	oral ulcer,ulcer of mouth	0.59083545
C1527304 	Allergic Reaction,Allergic reaction	419076005	allergic reaction,allergic reaction	0.54727376
C0242429 	Sore Throat,Sore throat symptom	267102003	sore throat,sore throat symptom	0.6412141
C2697368 	Gastrointestinal irritation,Gastrointestinal irritation	95516005	gastrointestinal irritation,gastrointestinal irritation	0.62513936
C0235108 	Feeling tense,Feeling tense	263897001	feeling tense,feeling tense	0.5688564
C0241705 	Difficulty passing urine,Difficulty passing urine	102835006	difficulty passing urine,difficulty passing urine	0.64082783
C1532253 	Sedentary lifestyle,Sedentary lifestyle	415510005	sedentary lifestyle,sedentary lifestyle	0.60048664
C0563168 	Dangerous and harmful thoughts,Dangerous and harmful thoughts	285261008	dangerous and harmful thoughts,dangerous and harmful thoughts	0.5523111
C0239882 	Head tremor,Head tremor	313841000009104	head tremor,head tremor	0.57329047
C0236000 	Jaw pain,Jaw pain	274667000	jaw pain,jaw pain	0.5977586
C0424110 	Cries easily,Cries easily	247771007	cries easily,cries easily	0.4819044
C0003811 	Cardiac Arrhythmia,Cardiac arrhythmia	698247007	cardiac arrhythmia,cardiac arrhythmia	0.60271764
C0232197 	Fibrillation,Fibrillation	40593004	fibrillation,fibrillation	0.6339127
C0233488 	Feeling despair,Feeling despair	17029006	feeling despair,feeling despair	0.6077676
C0262630 	Reduced concentration span,Reduced concentration span	247762003	reduced concentration span,reduced concentration span	0.7102226
C0038506 	Stuttering,Stuttering	39423001	stuttering,stuttering	0.5133306
C0005586 	Bipolar Disorder,Bipolar disorder	13746004	bipolar disorder,bipolar disorder	0.5550502
C0010399 	Crying,Crying	304534000	crying,crying	0.52237946
C0701812 	Sluggish thinking,Sluggish thought	285243004	sluggish thinking,sluggish thought	0.5935118
C0240327  	Taste, Metallic,Metallic taste	11193009	taste, metallic,metallic taste	0.5142163
C0240327 	Taste, Metallic,Metallic taste	11193009	taste, metallic,metallic taste	0.5142163
C0234369 	Trembling,Trembles	267079009	trembling,trembles	0.4416994
C0241254 	Mucus in stool,Mucus in stool	271864008	mucus in stool,mucus in stool	0.6415214
C0239978 	Increased frequency of defecation,Increased frequency of defecation	15510009	increased frequency of defecation,increased frequency of defecation	0.6633496
C0683369 	Clouded consciousness,Clouded consciousness	40917007	clouded consciousness,clouded consciousness	0.568855
C3665347 	Visual Impairment,Visual impairment	397540003	visual impairment,visual impairment	0.6531625
C0014724 	Eructation,Belching symptom	275299008	eructation,belching symptom	0.53987867
C0423564 	Abnormal taste in mouth,Abnormal taste in mouth	247318005	abnormal taste in mouth,abnormal taste in mouth	0.66707236
C3472701 	Tendinitis of elbow or forearm,Tendinitis of elbow or forearm	331000119106	tendinitis of elbow or forearm,tendinitis of elbow or forearm	0.5537274
C0581912 	Heavy feeling,Heavy feeling	161874006	heavy feeling,heavy feeling	0.5836867
C2032293 	Bilateral calf pain,Bilateral calf pain	15634471000119104	bilateral calf pain,bilateral calf pain	0.6780155
C0341117 	Esophageal erosions,Esophageal erosions	196623008	esophageal erosions,esophageal erosions	0.564847
C0425712 	Bad circulation - vasomotor change,Bad circulation - vasomotor change	271137009	bad circulation - vasomotor change,bad circulation - vasomotor change	0.59392965
C0564821 	Pain in right arm,Pain in right arm	287046004	pain in right arm,pain in right arm	0.5864345
C0016512 	Foot pain,Foot pain	47933007	foot pain,foot pain	0.59661365
C0458256 	Heavy pain,Heavy pain	279095003	heavy pain,heavy pain	0.6031748
C0856672 	Rectal bleeding,Hematochezia	405729008	rectal bleeding,hematochezia	0.5773099
C0019080 	Hemorrhage,Hemorrhage	50960005	hemorrhage,hemorrhage	0.6005291
C0017152 	Gastritis,Gastritis	4556007	gastritis,gastritis	0.5147239
C0557932 	Memory lapses,Memory lapses	225038006	memory lapses,memory lapses	0.608765
C1562291 	Loss of interest in previously enjoyable activity,Loss of interest	247753000	loss of interest in previously enjoyable activity,loss of interest	0.6255035
C0026821 	Muscle Cramp,Cramp	55300003	muscle cramp,cramp	0.6660544
C0239067 	Difficulty walking up stairs,Difficulty walking up stairs	282195009	difficulty walking up stairs,difficulty walking up stairs	0.6423229
C0242979 	Muscle Fatigue,Muscle fatigue	80449002	muscle fatigue,muscle fatigue	0.7051528
C0085628 	Stupor,Stupor	89458003	stupor,stupor	0.4968437
C0582140 	Unable to control behavior,Unable to control behavior	225902002	unable to control behavior,unable to control behavior	0.5935953
C0232431 	Cold sweat,Cold sweat	83547004	cold sweat,cold sweat	0.5761352
C0009595 	Obsessive-Compulsive Personality,Obsessive compulsive personality disorder	1376001	obsessive-compulsive personality,obsessive compulsive personality disorder	0.5408799
C0233624 	Cheilophagia,Lip biting	196575007	cheilophagia,lip biting	0.62042594
C0011057 	Hearing Loss, Sudden,Sudden hearing loss	79471008	hearing loss, sudden,sudden hearing loss	0.67597663
C0018784 	Sensorineural Hearing Loss,Sensorineural hearing loss	60700002	sensorineural hearing loss,sensorineural hearing loss	0.6325023
C0024421 	Macroglossia,Enlargement of tongue	25273001	macroglossia,enlargement of tongue	0.60906863
C0424235 	Fidgeting,Fidgeting	247910009	fidgeting,fidgeting	0.56458795
C0013378 	Dysgeusia,Taste sense altered	271801002	dysgeusia,taste sense altered	0.6264913
C0235160 	Restless sleep,Restless sleep	12262002	restless sleep,restless sleep	0.62692606
C0427068 	Monoparesis - leg,Monoparesis - leg	249945007	monoparesis - leg,monoparesis - leg	0.60574514
C0424329 	Outbursts of anger,Outbursts of anger	274951009	outbursts of anger,outbursts of anger	0.61969185
C0679136 	Low self-esteem,Low self-esteem	286647002	low self-esteem,low self-esteem	0.6899971
C0233497 	Insecurity,Insecurity	54038000	insecurity,insecurity	0.57441926
C1688635 	Feeling unhappy,Feeling unhappy	420038007	feeling unhappy,feeling unhappy	0.61227196
C0557455 	Leaving job,Leaving job	224472000	leaving job,leaving job	0.5479119
C0281822 	Skin problem,Skin problem	297982009	skin problem,skin problem	0.6617953
C0151692 	Impaired wound healing,Impaired wound healing	271618001	impaired wound healing,impaired wound healing	0.65621257
C0037278 	Skin Diseases, Infectious,Infection of skin	108365000	skin diseases, infectious,infection of skin	0.5627168
C0021390 	Inflammatory Bowel Diseases,Inflammatory bowel disease	24526004	inflammatory bowel diseases,inflammatory bowel disease	0.6226239
C0857087 	Dizzy spells,Dizzy spells	315018008	dizzy spells,dizzy spells	0.5511692
C0233660 	Mental blocking,Thought block	2899008	mental blocking,thought block	0.5048784
C0037195 	Sinus headache,Sinus headache	4969004	sinus headache,sinus headache	0.6378998
C0596170 	Binge eating disorder,Binging	248122005	binge eating disorder,binging	0.70400864
C0007398 	Catatonia,Catatonia	247917007	catatonia,catatonia	0.566809
C0020443 	Hypercholesterolemia,Hypercholesterolemia	13644009	hypercholesterolemia,hypercholesterolemia	0.62144434
C0578026 	Body weight problem,Body weight problem	301336003	body weight problem,body weight problem	0.824267
C0270996 	Swelling of structure of eye,Swelling of structure of eye	45177002	swelling of structure of eye,swelling of structure of eye	0.591383
C0240941 	Pruritus of scalp,Scalp itchy	275921007	pruritus of scalp,scalp itchy	0.59309924
C0586741 	Unable to read,Unable to read	309252004	unable to read,unable to read	0.5782845
C0234655 	Burning sensation in eye,Burning sensation in eye	2070002	burning sensation in eye,burning sensation in eye	0.5532764
C0560024 	Swelling of eyelid,Swelling of eyelid	193967004	swelling of eyelid,swelling of eyelid	0.6167143
C0237220 	Abusive behavior,Abusive behavior	225481000	abusive behavior,abusive behavior	0.6258723
C0424551 	Impaired exercise tolerance,Impaired exercise tolerance	267044007	impaired exercise tolerance,impaired exercise tolerance	0.8139118
C0232534 	Globus sensation,Globus sensation	88889000	globus sensation,globus sensation	0.55598223
C0085602	Polydipsia,Finding of excessive fluid intake,Polydipsia	267026004	polydipsia,finding of excessive fluid intake,polydipsia	0.64637196
C0424091 	Loss of interest,Lack of interest	713566001	loss of interest,lack of interest	0.5880349
C0221785 	Pain in wrist,Wrist joint pain	202482009	pain in wrist,wrist joint pain	0.5759266
C0395922 	Cervical vertigo,Cervical vertigo	84769001	cervical vertigo,cervical vertigo	0.6613467
C0040460 	Toothache,Toothache	27355003	toothache,toothache	0.6792889
C0239739 	Tenderness of gums,Tenderness of gums	110341006	tenderness of gums,tenderness of gums	0.582227
C0015967 	Fever,Body temperature above reference range	50177009	fever,body temperature above reference range	0.654787
C0015300 	Exophthalmos,Exophthalmos	18265008	exophthalmos,exophthalmos	0.48836172
C0406223 	Finger wrinkling,Finger wrinkling	238532005	finger wrinkling,finger wrinkling	0.56371236
C0278209 	Abnormal peripheral vision,Abnormal peripheral vision	12772003	abnormal peripheral vision,abnormal peripheral vision	0.6213753
C0268000 	Body fluid retention,Body fluid retention	43498006	body fluid retention,body fluid retention	0.69640267
C0032617 	Polyuria,Polyuria	28442001	polyuria,polyuria	0.6330101
C0557878 	Hot sweats,Hot sweats	224962007	hot sweats,hot sweats	0.5342203
C0232448 	Abnormal skin pH,Abnormal skin pH	66118000	abnormal skin ph,abnormal skin ph	0.6839062
C0032227 	Pleural effusion disorder,Pleural effusion	60046008	pleural effusion disorder,pleural effusion	0.5737022
C0009443 	Common Cold,Common cold	82272006	common cold,common cold	0.55287933
C0700148 	Congestion,Congestion	85804007	congestion,congestion	0.50118935
C0016204 	Flatulence,Flatulence symptom	308698004	flatulence,flatulence symptom	0.6106312
C0231403	Severe anxiety,Severe anxiety	80583007]	severe anxiety,severe anxiety	0.64070576
C0400822	Colitis, Lymphocytic,Lymphocytic-plasmacytic colitis,Lymphocytic colitis	31437008	colitis, lymphocytic,lymphocytic-plasmacytic colitis,lymphocytic colitis	0.4871605
C0232959 	Premenstrual symptom,Premenstrual symptom	10885003	premenstrual symptom,premenstrual symptom	0.5652876
C0004936 	Mental disorders,Mental disorder	74732009	mental disorders,mental disorder	0.5439334
C0040332 	Tobacco Dependence,Tobacco dependence syndrome	89765005	tobacco dependence,tobacco dependence syndrome	0.64691377
C0424142 	ill-at-ease,Ill-at-ease	247806005	ill-at-ease,ill-at-ease	0.48651382
C0040441 	Tooth Fractures,Fracture of tooth	36202009	tooth fractures,fracture of tooth	0.5807726
C0156404 	Irregular periods,Irregular periods	80182007	irregular periods,irregular periods	0.5179444
C0011860 	Diabetes Mellitus, Non-Insulin-Dependent,Diabetes mellitus type 2	44054006	diabetes mellitus, non-insulin-dependent,diabetes mellitus type 2	0.5579924
C0002871 	Anemia,Anemia	271737000	anemia,anemia	0.5883629
C0019080 	Hemorrhage,Bleeding	131148009	hemorrhage,bleeding	0.609694
C0031212 	Personality Disorders,Personality disorder	33449004	personality disorders,personality disorder	0.52397156
C0522178 	Thoughts of self harm,Thoughts of self harm	102911000	thoughts of self harm,thoughts of self harm	0.6293831
C0694551 	Right lower quadrant pain,Right lower quadrant pain	301754002	right lower quadrant pain,right lower quadrant pain	0.6109516
C0151786 	Muscle Weakness,Muscle weakness	26544005	muscle weakness,muscle weakness	0.6813817
C0004095 	Asthenopia,Eye strain	70323002	asthenopia,eye strain	0.5936968
C0233800 	Confabulation,Confabulation	17842005	confabulation,confabulation	0.48293042
C0577477 	Unable to perform creative activity,Unable to perform creative activity	300763008	unable to perform creative activity,unable to perform creative activity	0.6511202
C0423636 	Cardiac pain,Cardiac chest pain	426396005	cardiac pain,cardiac chest pain	0.6599076
C0424092 	Withdrawn,Withdrawn	247755007	withdrawn,withdrawn	0.47603282
C0240735 	Personality change,Personality change	102943000	personality change,personality change	0.66450775
C0557883 	Feeling aggressive,Feeling aggressive	224971003	feeling aggressive,feeling aggressive	0.6316042
C0235439 	Ankle edema,Swollen ankle	267039000	ankle edema,swollen ankle	0.5898886
C0038999 	Swelling,Swelling	65124004	swelling,swelling	0.5735956
C0004096 	Asthma,Asthma	195967001	asthma,asthma	0.5804523
C0000734 	Abdominal mass,Abdominal mass	271860004	abdominal mass,abdominal mass	0.70104945
C0577887 	Nasal sinus problem,Nasal sinus problem	301202006	nasal sinus problem,nasal sinus problem	0.608742
C0026858 	Musculoskeletal Pain,Musculoskeletal pain	279069000	musculoskeletal pain,musculoskeletal pain	0.6014097
C0011206 	Delirium,Delirium	2776000	delirium,delirium	0.5152674
C0038661 	Suicide,Suicide	44301001	suicide,suicide	0.51401615
C0582093 	Wanting to die,Wanting to die	225876004	wanting to die,wanting to die	0.49448824
C0233730 	Swearing,Swearing	48285002	swearing,swearing	0.49227104
C0524322 	Personal relationship breakdown,Personal relationship breakdown	105414008	personal relationship breakdown,personal relationship breakdown	0.60325325
C0020676 	Hypothyroidism,Hypothyroidism	40930008	hypothyroidism,hypothyroidism	0.577999
C0233613 	Echopraxia,Echopraxia	33184005	echopraxia,echopraxia	0.4854089
C0425082 	Stopped work,Stopped work	160895006	stopped work,stopped work	0.55257756
C1384606 	Dyspareunia,Dyspareunia	71315007	dyspareunia,dyspareunia	0.58738315
C0020538 	Hypertensive disease,Hypertensive disorder, systemic arterial	38341003	hypertensive disease,hypertensive disorder, systemic arterial	0.5721493
C0338237 	Antibiotic therapy,Antibiotic therapy	281789004	antibiotic therapy,antibiotic therapy	0.5882887
C0013456 	Earache,Otalgia	16001004	earache,otalgia	0.59377384
C0241934 	Hypomania,Hypomanic mood	281257007	hypomania,hypomanic mood	0.6245532
C0150084 	Altered thought processes,Altered thought processes	78633001	altered thought processes,altered thought processes	0.64151543
C0041582 	Ulcer,Ulcer	429040005	ulcer,ulcer	0.5317325
C0038358 	Gastric ulcer,Gastric ulcer	397825006	gastric ulcer,gastric ulcer	0.59497416
C0232937 	Missed period,Missed period	36521000	missed period,missed period	0.50809884
C0025323 	Menorrhagia,Menorrhagia	386692008	menorrhagia,menorrhagia	0.5631729
C0233818 	Impaired judgement,Impaired judgement	38504003	impaired judgement,impaired judgement	0.6164724
C0439814 	Prickling sensation,Prickling sensation of skin	162248005	prickling sensation,prickling sensation of skin	0.56514543
C0234458 	Dream disorder,Dream disorder	85418005	dream disorder,dream disorder	0.5589738
C0338481 	Ophthalmic migraine,Ophthalmic migraine	95655001	ophthalmic migraine,ophthalmic migraine	0.5471708
C0017601 	Glaucoma,Glaucoma	23986001	glaucoma,glaucoma	0.5640818
C0426579 	Anorexia symptom,Anorexia symptom	249468005	anorexia symptom,anorexia symptom	0.6347244
C0424537 	Absent minded,Absent minded	46991000	absent minded,absent minded	0.54962885
C0584995 	Difficulty writing,Difficulty writing	102938007	difficulty writing,difficulty writing	0.6110378
C0231912 	Nocturnal cough,Nocturnal cough	62548007	nocturnal cough,nocturnal cough	0.6083822
C0564184 	Difficulty producing voice,Difficulty producing voice	286330009	difficulty producing voice,difficulty producing voice	0.63396704
C0278016	Hard stool,Hard stool,Faeces hard	75295004	hard stool,hard stool,faeces hard	0.5749738
C0751466 	Phonophobia,Phonophobia	313387002	phonophobia,phonophobia	0.60352963
C0241981 	Impairment of balance,Impairment of balance	387603000	impairment of balance,impairment of balance	0.7090051
C0235234 	Pharyngeal dryness,Pharyngeal dryness	102618009	pharyngeal dryness,pharyngeal dryness	0.60324025
C0560085 	Difficulty walking down stairs,Difficulty walking down stairs	282201001	difficulty walking down stairs,difficulty walking down stairs	0.62854207
C0239779 	Grimaces,Grimaces	39960009	grimaces,grimaces	0.5070201
C0037933 	Spinal Diseases,Disorder of vertebral column	699699005	spinal diseases,disorder of vertebral column	0.53386843
C0158262 	Degeneration of cervical intervertebral disc,Degeneration of cervical intervertebral disc	69195002	degeneration of cervical intervertebral disc,degeneration of cervical intervertebral disc	0.52885723
C0242362 	Disk, Herniated,Intervertebral disc prolapse	73589001	disk, herniated,intervertebral disc prolapse	0.47006813
C0037944 	Spinal Stenosis,Spinal stenosis	76107001	spinal stenosis,spinal stenosis	0.64031523
C0239833 	Hand pain,Hand pain	53057004	hand pain,hand pain	0.53681797
C0239377 	Arm Pain,Pain in upper limb	102556003	arm pain,pain in upper limb	0.5991472
C0020624 	Hypomenorrhea,Hypomenorrhea	64206003	hypomenorrhea,hypomenorrhea	0.5533708
C0424158 	Fear of losing emotional control,Fear of losing emotional control	247823001	fear of losing emotional control,fear of losing emotional control	0.6919033
c0037317	sleep disturbances,Disturbance in sleep behavior	53888004	sleep disturbances,disturbance in sleep behavior	0.66786885
C0036104 	secretion of saliva,Salivary secretion, function	34178000	secretion of saliva,salivary secretion, function	0.60579956
C0558171 	Deteriorating vision,Sight deteriorating	225581002	deteriorating vision,sight deteriorating	0.592227
C0001807 	Aggressive behavior,Aggressive behavior	61372001	aggressive behavior,aggressive behavior	0.6356304
C0582141 	Difficulty controlling behavior,Difficulty controlling behavior	225903007	difficulty controlling behavior,difficulty controlling behavior	0.632656
C0424557 	Sweaty feet,Sweaty feet	248247003	sweaty feet,sweaty feet	0.5846286
C0575805 	swelling of hands,Swelling of hand	299037003	swelling of hands,swelling of hand	0.65267867
C0042109 	Urticaria,Urticaria	64305001	urticaria,urticaria	0.55477977
C0019345 	Herpes Labialis,Herpes labialis	1475003	herpes labialis,herpes labialis	0.51470196
C0010200 	Coughing,Cough	49727002	coughing,cough	0.49612808
C0019112 	Hemorrhoids,Hemorrhoids	70153002	hemorrhoids,hemorrhoids	0.56045383
C0343495 	Lockjaw,Tetanus with trismus	240432006	lockjaw,tetanus with trismus	0.43874568
C0271650 	Impaired glucose tolerance,Impaired glucose tolerance	9414007	impaired glucose tolerance,impaired glucose tolerance	0.7042469
C0587054 	Numbness of finger,Numbness of finger	309536001	numbness of finger,numbness of finger	0.5846827
