CUI	CONCEPT	SNOMED_CODE	concept_name_processed	embedding_statistics	norm	mean	std
C0000765 	Excessive body weight gain,Excessive weight gain	224994002	excessive body weight gain,excessive weight gain	(9.935232, -0.014305835, 0.3582213)	9.935232	-0.014305835	0.3582213
C0701811 	Poor short-term memory,Poor short-term memory	247592009	poor short-term memory,poor short-term memory	(11.376216, -0.015590641, 0.41020763)	11.376216	-0.015590641	0.41020763
C0002170 	Alopecia,Loss of hair	278040002	alopecia,loss of hair	(11.0134945, -0.015074506, 0.39712924)	11.0134945	-0.015074506	0.39712924
C0549622 	Sexual Dysfunction,Sexual disorder	231532002	sexual dysfunction,sexual disorder	(10.444392, -0.014182678, 0.3766126)	10.444392	-0.014182678	0.3766126
C0027497 	Nausea,Nausea	422587007	nausea,nausea	(10.106435, -0.013130527, 0.36444813)	10.106435	-0.013130527	0.36444813
C0344232 	Blurred vision,Blurring of visual image	111516008	blurred vision,blurring of visual image	(9.907655, -0.011661422, 0.35732144)	9.907655	-0.011661422	0.35732144
C0037316 	Sleep Deprivation,Sleep deprivation	130989002	sleep deprivation,sleep deprivation	(10.007658, -0.013905811, 0.3608524)	10.007658	-0.013905811	0.3608524
C0424000 	Feeling suicidal,Feeling suicidal	225457007	feeling suicidal,feeling suicidal	(9.880913, -0.014059085, 0.35626945)	9.880913	-0.014059085	0.35626945
C0424565 	Cannot sleep at all,Cannot sleep at all	248255005	cannot sleep at all,cannot sleep at all	(10.479382, -0.01461909, 0.37785944)	10.479382	-0.01461909	0.37785944
C1971624 	Loss of appetite,Loss of appetite	79890006	loss of appetite,loss of appetite	(11.0001745, -0.014005317, 0.39668742)	11.0001745	-0.014005317	0.39668742
C0558066 	Intrusive thoughts,Intrusive thoughts	225445003	intrusive thoughts,intrusive thoughts	(9.572665, -0.013321268, 0.34516683)	9.572665	-0.013321268	0.34516683
C0557386	Restricted work performance,Restricted work performance	224398005	restricted work performance,restricted work performance	(9.256411, -0.012363101, 0.33378306)	9.256411	-0.012363101	0.33378306
C0086769 	Panic Attacks,Panic attack	225624000	panic attacks,panic attack	(9.576394, -0.012174944, 0.3453438)	9.576394	-0.012174944	0.3453438
C0003467 	Anxiety,Anxiety	48694002	anxiety,anxiety	(10.106306, -0.012230113, 0.36447477)	10.106306	-0.012230113	0.36447477
C0231403	Severe anxiety,Severe anxiety	80583007	severe anxiety,severe anxiety	(10.022527, -0.013670537, 0.36139834)	10.022527	-0.013670537	0.36139834
C0233754 	Derealization,Derealization	40806005	derealization,derealization	(10.075461, -0.012225025, 0.3633613)	10.075461	-0.012225025	0.3633613
C0917801 	Sleeplessness,Insomnia	193462001	sleeplessness,insomnia	(10.494656, -0.015625387, 0.37837076)	10.494656	-0.015625387	0.37837076
C0012833 	Dizziness,Dizziness	404640003	dizziness,dizziness	(10.399727, -0.013874061, 0.3750113)	10.399727	-0.013874061	0.3750113
C0010201 	Chronic cough,Chronic cough	68154008	chronic cough,chronic cough	(9.717241, -0.013468631, 0.35038197)	9.717241	-0.013468631	0.35038197
C0043094 	Weight Gain,Weight gain	8943002	weight gain,weight gain	(10.489758, -0.014146365, 0.3782521)	10.489758	-0.014146365	0.3782521
C2981158 	Lack of libido,Lack of libido	248096004	lack of libido,lack of libido	(11.221358, -0.015657682, 0.40461305)	11.221358	-0.015657682	0.40461305
C0583237 	Emergency room admission,Emergency room admission	50849002	emergency room admission,emergency room admission	(11.395369, -0.016513312, 0.41086328)	11.395369	-0.016513312	0.41086328
C0039231 	Tachycardia,Tachycardia	3424008	tachycardia,tachycardia	(10.968755, -0.0177596, 0.39540222)	10.968755	-0.0177596	0.39540222
C0522365 	Severe vertigo,Severe vertigo	103298005	severe vertigo,severe vertigo	(10.357486, -0.014481559, 0.37346292)	10.357486	-0.014481559	0.37346292
C0424573 	Always sleepy,Always sleepy	248262001	always sleepy,always sleepy	(10.127954, -0.013635676, 0.36520657)	10.127954	-0.013635676	0.36520657
C0560765 	Unable to maintain a position,Unable to maintain a position	282848007	unable to maintain a position,unable to maintain a position	(9.942824, -0.011724616, 0.3585891)	9.942824	-0.011724616	0.3585891
C0042571 	Vertigo,Vertigo	399153001	vertigo,vertigo	(10.109085, -0.012160885, 0.36457744)	10.109085	-0.012160885	0.36457744
C0043352 	Xerostomia,Xerostomia	87715008	xerostomia,xerostomia	(9.949083, -0.014557756, 0.3587113)	9.949083	-0.014557756	0.3587113
C0425083 	Loss of job,Loss of job	266956001	loss of job,loss of job	(10.010962, -0.012974014, 0.3610064)	10.010962	-0.012974014	0.3610064
C0751908 	Vestibular Neuronitis,Epidemic vertigo	186738001	vestibular neuronitis,epidemic vertigo	(11.450443, -0.015205876, 0.41290236)	11.450443	-0.015205876	0.41290236
C0037763 	Spasm,Spasm	45352006	spasm,spasm	(10.265469, -0.01587717, 0.37008277)	10.265469	-0.01587717	0.37008277
C0231530 	Muscle twitch,Muscle twitch	60238002	muscle twitch,muscle twitch	(10.100954, -0.013801634, 0.3642254)	10.100954	-0.013801634	0.3642254
C0231528 	Myalgia,Muscle pain	68962001	myalgia,muscle pain	(10.3148, -0.014793292, 0.37190917)	10.3148	-0.014793292	0.37190917
C0009676 	Confusion,Confusional state	286933003	confusion,confusional state	(9.5011635, -0.011616199, 0.34264687)	9.5011635	-0.011616199	0.34264687
C0016382 	Flushing,Face goes red	271811009	flushing,face goes red	(9.365738, -0.011913259, 0.33774692)	9.365738	-0.011913259	0.33774692
C0033893 	Tension Headache,Tension-type headache	398057008	tension headache,tension-type headache	(9.108136, -0.0129187675, 0.3284076)	9.108136	-0.0129187675	0.3284076
C0700590 	Increased sweating,Excessive sweating	52613005	increased sweating,excessive sweating	(9.445075, -0.013211106, 0.34056365)	9.445075	-0.013211106	0.34056365
C0242350 	Erectile dysfunction,Impotence	397803000	erectile dysfunction,impotence	(11.345051, -0.015898513, 0.40907043)	11.345051	-0.015898513	0.40907043
C0149931 	Migraine Disorders,Migraine	37796009	migraine disorders,migraine	(10.989356, -0.015015568, 0.39625984)	10.989356	-0.015015568	0.39625984
C0497247 	Increase in blood pressure,Finding of increased blood pressure	24184005	increase in blood pressure,finding of increased blood pressure	(10.634453, -0.013593906, 0.3834969)	10.634453	-0.013593906	0.3834969
C0235195 	Sedated state,Sedated	17971005	sedated state,sedated	(8.863011, -0.011814799, 0.31959808)	8.863011	-0.011814799	0.31959808
C0424444 	Clenching teeth,Clenching teeth	110302009	clenching teeth,clenching teeth	(10.679105, -0.012531835, 0.3851452)	10.679105	-0.012531835	0.3851452
C0234022 	Orgasm incapacity,Orgasm incapacity	62607004	orgasm incapacity,orgasm incapacity	(11.0326605, -0.014999154, 0.3978242)	11.0326605	-0.014999154	0.3978242
C0456820 	Loss of capacity to feel emotions,Loss of capacity to feel emotions	45991007	loss of capacity to feel emotions,loss of capacity to feel emotions	(11.145465, -0.013732083, 0.40194282)	11.145465	-0.013732083	0.40194282
C0002622 	Amnesia,Amnesia	48167000	amnesia,amnesia	(9.521458, -0.011520892, 0.3433828)	9.521458	-0.011520892	0.3433828
C0233469 	Blunted affect,Blunted affect	6140007	blunted affect,blunted affect	(9.368771, -0.012835671, 0.33782265)	9.368771	-0.012835671	0.33782265
C0233484 	Emotionally detached,Emotionally detached	24936000	emotionally detached,emotionally detached	(9.406852, -0.0126379505, 0.33920518)	9.406852	-0.0126379505	0.33920518
C0233794 	Memory impairment,Memory impairment	386807006	memory impairment,memory impairment	(10.416316, -0.014217842, 0.37559745)	10.416316	-0.014217842	0.37559745
C0701810	Poor long-term memory,Poor long-term memory,Long-term memory loss	247588002	poor long-term memory,poor long-term memory,long-term memory loss	(11.799513, -0.015540294, 0.42549455)	11.799513	-0.015540294	0.42549455
C0006325 	Bruxism,Grinding teeth	90207007	bruxism,grinding teeth	(8.828898, -0.011756853, 0.31836843)	8.828898	-0.011756853	0.31836843
C0018681 	Headache,Headache	25064002	headache,headache	(9.693576, -0.012631637, 0.34955865)	9.693576	-0.012631637	0.34955865
C0042963 	Vomiting,Vomiting symptom	249497008	vomiting,vomiting symptom	(10.439828, -0.014258586, 0.3764449)	10.439828	-0.014258586	0.3764449
C4075722 	Wakes up during night,Wakes up during night	713822005	wakes up during night,wakes up during night	(11.196841, -0.014829636, 0.40375897)	11.196841	-0.014829636	0.40375897
C0860645 	Bizarre dreams,Bizarre dreams	419581008	bizarre dreams,bizarre dreams	(10.037219, -0.013095625, 0.36195016)	10.037219	-0.013095625	0.36195016
C0233763 	Hallucinations, Visual,Visual hallucinations	64269007	hallucinations, visual,visual hallucinations	(10.542212, -0.014298193, 0.38014048)	10.542212	-0.014298193	0.38014048
C0586742 	Difficulty reading,Difficulty reading	309253009	difficulty reading,difficulty reading	(11.013997, -0.017574102, 0.39704466)	11.013997	-0.017574102	0.39704466
C0520947 	Clumsiness - motor delay,Clumsiness - motor delay	307653008	clumsiness - motor delay,clumsiness - motor delay	(10.683976, -0.013530493, 0.38528726)	10.683976	-0.013530493	0.38528726
C0424117 	Excessive energy,Excessive energy	247779009	excessive energy,excessive energy	(9.1791725, -0.012499248, 0.33098894)	9.1791725	-0.012499248	0.33098894
C0581881 	Heavy head,Heavy head	162311003	heavy head,heavy head	(9.348856, -0.011726203, 0.33714393)	9.348856	-0.011726203	0.33714393
C0344315 	Depressed mood,Depressed mood	366979004	depressed mood,depressed mood	(10.763719, -0.014167567, 0.38814378)	10.763719	-0.014167567	0.38814378
C0015672 	Fatigue,Fatigue	84229001	fatigue,fatigue	(9.276423, -0.0118032815, 0.33452594)	9.276423	-0.0118032815	0.33452594
C0085632 	Apathy,Indifference	20602000	apathy,indifference	(8.7494335, -0.012102254, 0.31548592)	8.7494335	-0.012102254	0.31548592
C0027066 	Myoclonus,Myoclonic disorder	127324008	myoclonus,myoclonic disorder	(9.8825, -0.015586617, 0.35626322)	9.8825	-0.015586617	0.35626322
C0678798 	Adverse drug interaction,Adverse drug interaction with drug	448178009	adverse drug interaction,adverse drug interaction with drug	(10.599009, -0.0148787275, 0.38216922)	10.599009	-0.0148787275	0.38216922
C0557875 	Tired,Tired	224960004	tired,tired	(10.013746, -0.012628949, 0.3611192)	10.013746	-0.012628949	0.3611192
C0812387 	Feels cold,Feels cold	64713002	feels cold,feels cold	(9.339764, -0.012615868, 0.33678347)	9.339764	-0.012615868	0.33678347
C0233494 	Tension,Tension	53489000	tension,tension	(9.873575, -0.012804312, 0.3560518)	9.873575	-0.012804312	0.3560518
C0013144 	Drowsiness,Drowsy	271782001	drowsiness,drowsy	(10.106296, -0.01503439, 0.36436948)	10.106296	-0.01503439	0.36436948
C0018616 	Hate,Feeling hatred	16962006	hate,feeling hatred	(9.328439, -0.01120419, 0.33642453)	9.328439	-0.01120419	0.33642453
C0028081 	Night sweats,Night sweats	42984000	night sweats,night sweats	(9.649296, -0.01352924, 0.34792602)	9.649296	-0.01352924	0.34792602
C0085633 	Mood swings,Mood swings	18963009	mood swings,mood swings	(10.035935, -0.0146318255, 0.3618449)	10.035935	-0.0146318255	0.3618449
C0564408 	Manic mood,Manic mood	405273008	manic mood,manic mood	(10.3113785, -0.013831485, 0.37182266)	10.3113785	-0.013831485	0.37182266
C0011551 	Depersonalization,Depersonalization	79499004	depersonalization,depersonalization	(9.894073, -0.014050788, 0.356745)	9.894073	-0.014050788	0.356745
C0393761 	Middle insomnia,Middle insomnia	67233009	middle insomnia,middle insomnia	(10.212992, -0.016094701, 0.368178)	10.212992	-0.016094701	0.368178
C0344320 	Detailed recall of dream,Detailed recall of dream	247953009	detailed recall of dream,detailed recall of dream	(10.0579195, -0.012879305, 0.36270532)	10.0579195	-0.012879305	0.36270532
C0392171 	Influenza-like symptoms,Influenza-like symptoms	315642008	influenza-like symptoms,influenza-like symptoms	(10.991487, -0.013425416, 0.39639384)	10.991487	-0.013425416	0.39639384
C1446377	Mental health problem,Mental health problem	413307004	mental health problem,mental health problem	(10.034856, -0.012742646, 0.36187738)	10.034856	-0.012742646	0.36187738
C0018834 	Heartburn,Heartburn	16331000	heartburn,heartburn	(9.913047, -0.014060718, 0.3574298)	9.913047	-0.014060718	0.3574298
C0281856 	Generalized aches and pains,Generalized aches and pains	82991003	generalized aches and pains,generalized aches and pains	(10.990639, -0.0149041265, 0.3963104)	10.990639	-0.0149041265	0.3963104
C0030193 	Pain,Pain	22253000	pain,pain	(9.990474, -0.011762236, 0.36030823)	9.990474	-0.011762236	0.36030823
C0455270 	Sharp pain,Sharp pain	8708008]	sharp pain,sharp pain	(9.471456, -0.013008642, 0.34152406)	9.471456	-0.013008642	0.34152406
C0009269 	Cold intolerance,Intolerant of cold	80585000	cold intolerance,intolerant of cold	(10.14203, -0.0133331055, 0.36572602)	10.14203	-0.0133331055	0.36572602
C0520547 	Poor peripheral circulation,Poor peripheral circulation	4249000	poor peripheral circulation,poor peripheral circulation	(10.6162195, -0.013210989, 0.38285196)	10.6162195	-0.013210989	0.38285196
C0234238 	Ache,Aching sensation quality	410711009	ache,aching sensation quality	(9.483523, -0.012116815, 0.3419926)	9.483523	-0.012116815	0.3419926
C0423572 	Pins and needles,Pins and needles	62507009	pins and needles,pins and needles	(10.558068, -0.015711358, 0.38065737)	10.558068	-0.015711358	0.38065737
C0023380 	Lethargy,Lethargy	214264003	lethargy,lethargy	(10.038709, -0.014518868, 0.3619496)	10.038709	-0.014518868	0.3619496
C0425251 	Bed-ridden,Bed-ridden	160685001	bed-ridden,bed-ridden	(9.92496, -0.013605569, 0.3578776)	9.92496	-0.013605569	0.3578776
C0314719 	Dryness of eye,Dry eyes	162290004	dryness of eye,dry eyes	(8.956867, -0.01111007, 0.32301208)	8.956867	-0.01111007	0.32301208
C0028840 	Ocular Hypertension,Ocular hypertension	4210003	ocular hypertension,ocular hypertension	(12.039574, -0.017778214, 0.43407676)	12.039574	-0.017778214	0.43407676
C0235198 	Unable to concentrate,Unable to concentrate	60032008	unable to concentrate,unable to concentrate	(10.258252, -0.0123555465, 0.36995652)	10.258252	-0.0123555465	0.36995652
C3839824 	Lip sucking,Lip sucking	700247008	lip sucking,lip sucking	(10.136431, -0.012897871, 0.3655395)	10.136431	-0.012897871	0.3655395
C0037317 	Sleep disturbances,Disturbance in sleep behavior	53888004	sleep disturbances,disturbance in sleep behavior	(10.787002, -0.013556962, 0.38900623)	10.787002	-0.013556962	0.38900623
C0392674 	Exhaustion,Exhaustion	60119000]	exhaustion,exhaustion	(9.472018, -0.011555095, 0.34159663)	9.472018	-0.011555095	0.34159663
C0012833 	Dizziness,dizziness	404640003	dizziness,dizziness	(10.399727, -0.013874061, 0.3750113)	10.399727	-0.013874061	0.3750113
C0392171 	Influenza-like symptoms,influenza-like symptoms	315642008	influenza-like symptoms,influenza-like symptoms	(10.991487, -0.013425416, 0.39639384)	10.991487	-0.013425416	0.39639384
C0042963 	Vomiting,vomiting symptom	249497008	vomiting,vomiting symptom	(10.439828, -0.014258586, 0.3764449)	10.439828	-0.014258586	0.3764449
C0233408 	Disorientated in time,disorientated in time	19657006	disorientated in time,disorientated in time	(10.577019, -0.0145110665, 0.38138932)	10.577019	-0.0145110665	0.38138932
C0151786 	Muscle Weakness,muscle weakness	26544005	muscle weakness,muscle weakness	(9.437204, -0.012827252, 0.34029412)	9.437204	-0.012827252	0.34029412
C0013404 	Dyspnea,dyspnea	267036007	dyspnea,dyspnea	(10.323388, -0.017311372, 0.37211075)	10.323388	-0.017311372	0.37211075
C0456814 	Loss of motivation,Loss of motivation	277521002	loss of motivation,loss of motivation	(10.474836, -0.013066442, 0.37775218)	10.474836	-0.013066442	0.37775218
C0558078 	Low motivation,Low motivation	26413003	low motivation,low motivation	(8.962044, -0.012765366, 0.32313785)	8.962044	-0.012765366	0.32313785
C0424336 	Delayed reaction time - finding,Finding of delayed reaction time	248024008	delayed reaction time - finding,finding of delayed reaction time	(9.453466, -0.012164478, 0.3409056)	9.453466	-0.012164478	0.3409056
C0542476 	Forgetful,Forgetful	55533009	forgetful,forgetful	(9.568855, -0.012539285, 0.34505856)	9.568855	-0.012539285	0.34505856
C0338656 	Impaired cognition,Impaired cognition	386806002	impaired cognition,impaired cognition	(9.953397, -0.015254968, 0.35883817)	9.953397	-0.015254968	0.35883817
C0231403 	Severe anxiety,Severe anxiety	80583007	severe anxiety,severe anxiety	(10.022527, -0.013670537, 0.36139834)	10.022527	-0.013670537	0.36139834
C0030318 	Panic,Panic	79823003	panic,panic	(9.768345, -0.012214755, 0.35227308)	9.768345	-0.012214755	0.35227308
C0342952 	Hypermetabolism,Hypermetabolism	37910008	hypermetabolism,hypermetabolism	(10.3856125, -0.016668057, 0.37438765)	10.3856125	-0.016668057	0.37438765
C0030252 	Palpitations,Palpitations	80313002	palpitations,palpitations	(10.467339, -0.015387339, 0.37739396)	10.467339	-0.015387339	0.37739396
C0235239 	Palpitations - fluttering,Fluttering heart	161969004	palpitations - fluttering,fluttering heart	(9.224599, -0.011496215, 0.33266547)	9.224599	-0.011496215	0.33266547
C0159066 	Abdominal rigidity,Abdominal rigidity	72300008	abdominal rigidity,abdominal rigidity	(10.066088, -0.014379985, 0.36294392)	10.066088	-0.014379985	0.36294392
C3164199 	Adverse drug interaction with alcohol,Adverse drug interaction with alcohol	448091007	adverse drug interaction with alcohol,adverse drug interaction with alcohol	(11.953472, -0.016601235, 0.43101415)	11.953472	-0.016601235	0.43101415
C0237314 	Irregular heart beat,Irregular heart beat	361137007	irregular heart beat,irregular heart beat	(11.355661, -0.015126207, 0.40948287)	11.355661	-0.015126207	0.40948287
C0438696 	Suicidal,Suicidal	267073005	suicidal,suicidal	(9.879004, -0.011891339, 0.35627946)	9.879004	-0.011891339	0.35627946
C0278140 	Severe pain,Severe pain	76948002	severe pain,severe pain	(9.590757, -0.012768625, 0.34584102)	9.590757	-0.012768625	0.34584102
C3887605 	Nightmare Disorder,Dream anxiety disorder	111487009	nightmare disorder,dream anxiety disorder	(10.309603, -0.014112747, 0.371748)	10.309603	-0.014112747	0.371748
C0038990 	Sweating,Sweating	415690000	sweating,sweating	(9.873679, -0.0134986425, 0.35602993)	9.873679	-0.0134986425	0.35602993
C0424099 	Reduced concentration,Reduced concentration	247761005	reduced concentration,reduced concentration	(9.208999, -0.013036895, 0.3320453)	9.208999	-0.013036895	0.3320453
C0043387 	Yawning,Yawning	248626009	yawning,yawning	(10.954241, -0.015120156, 0.39498785)	10.954241	-0.015120156	0.39498785
C0040822 	Tremor,Tremor	26079004	tremor,tremor	(10.500885, -0.013159897, 0.37868944)	10.500885	-0.013159897	0.37868944
C1827663 	Difficulty maintaining relationships,Difficulty maintaining relationships	424573006	difficulty maintaining relationships,difficulty maintaining relationships	(10.081835, -0.014274322, 0.36351675)	10.081835	-0.014274322	0.36351675
C0085602 	Polydipsia,Finding of excessive fluid intake	267026004	polydipsia,finding of excessive fluid intake	(9.256799, -0.0128290085, 0.33377948)	9.256799	-0.0128290085	0.33377948
C0600142 	Hot flushes,Climacteric flushing	427368007	hot flushes,climacteric flushing	(10.208915, -0.013987172, 0.36811686)	10.208915	-0.013987172	0.36811686
C0232292 	Chest tightness,Tight chest	23924001	chest tightness,tight chest	(10.561864, -0.013031685, 0.38089556)	10.561864	-0.013031685	0.38089556
C1443924 	Severe diarrhea,Severe diarrhea	409587002	severe diarrhea,severe diarrhea	(11.23262, -0.016225295, 0.40499738)	11.23262	-0.016225295	0.40499738
C0042023 	Increased frequency of micturition,Finding of frequency of urination	300471006	increased frequency of micturition,finding of frequency of urination	(10.155599, -0.012400989, 0.36624873)	10.155599	-0.012400989	0.36624873
C0586746 	Excessive weight loss,Excessive weight loss	309257005	excessive weight loss,excessive weight loss	(10.211637, -0.014819481, 0.36818257)	10.211637	-0.014819481	0.36818257
C0344375 	Stomach cramps,Stomach cramps	51197009	stomach cramps,stomach cramps	(12.226, -0.01537507, 0.4408998)	12.226	-0.01537507	0.4408998
C0040997 	Trigeminal Neuralgia,Trigeminal neuralgia	31681005	trigeminal neuralgia,trigeminal neuralgia	(10.696306, -0.016759941, 0.38560566)	10.696306	-0.016759941	0.38560566
C0020175 	Hunger,Hungry	55350005	hunger,hungry	(9.627757, -0.010581635, 0.34725058)	9.627757	-0.010581635	0.34725058
C0150041 	Feeling hopeless,Feeling hopeless	307077003	feeling hopeless,feeling hopeless	(9.63038, -0.013316321, 0.34725118)	9.63038	-0.013316321	0.34725118
C0424166 	Social fear,Social fear	247832004	social fear,social fear	(9.259544, -0.012344328, 0.33389693)	9.259544	-0.012344328	0.33389693
C0425736 	Cannot be aroused sexually,Cannot be aroused sexually	248763005	cannot be aroused sexually,cannot be aroused sexually	(10.044893, -0.013315822, 0.36221918)	10.044893	-0.013315822	0.36221918
C0016770 	Frustration,Feeling frustrated	224973000	frustration,feeling frustrated	(9.365716, -0.012596107, 0.33772135)	9.365716	-0.012596107	0.33772135
C0221512 	Stomach ache,Stomach ache	271681002	stomach ache,stomach ache	(10.231985, -0.014885639, 0.36891475)	10.231985	-0.014885639	0.36891475
C0028643 	Numbness,Numbness	44077006	numbness,numbness	(9.636154, -0.013132778, 0.34746668)	9.636154	-0.013132778	0.34746668
C0009806 	Constipation,Constipation	14760008	constipation,constipation	(9.896195, -0.0143385455, 0.35681024)	9.896195	-0.0143385455	0.35681024
C0393760 	Initial insomnia,Initial insomnia	59050008	initial insomnia,initial insomnia	(10.365045, -0.01584194, 0.37368068)	10.365045	-0.01584194	0.37368068
C0520913 	Defective metabolism,Defective metabolism	63569001	defective metabolism,defective metabolism	(9.673973, -0.013885404, 0.34880316)	9.673973	-0.013885404	0.34880316
C0231247 	Failure to lose weight,Failure to lose weight	83421005	failure to lose weight,failure to lose weight	(11.601173, -0.017398128, 0.4182596)	11.601173	-0.017398128	0.4182596
C0497406 	Overweight,Overweight	238131007	overweight,overweight	(10.369288, -0.014187202, 0.3739004)	10.369288	-0.014187202	0.3739004
C0235969 	Disorder of ejaculation,Disorder of ejaculation	386790008	disorder of ejaculation,disorder of ejaculation	(11.55044, -0.017779937, 0.41641116)	11.55044	-0.017779937	0.41641116
C0677660 	Emotional problems,Emotional problems	386816005	emotional problems,emotional problems	(9.91184, -0.012708948, 0.35743687)	9.91184	-0.012708948	0.35743687
C1298942 	Excessive somnolence,Excessive somnolence	372947007	excessive somnolence,excessive somnolence	(9.430869, -0.015908105, 0.33993512)	9.430869	-0.015908105	0.33993512
C0022107 	Irritable Mood,Feeling irritable	55929007	irritable mood,feeling irritable	(10.080889, -0.014869481, 0.36345866)	10.080889	-0.014869481	0.36345866
C0520966 	Abnormal coordination,Coordination problem	302289002	abnormal coordination,coordination problem	(9.384302, -0.012521188, 0.33839527)	9.384302	-0.012521188	0.33839527
C0564332 	Difficulty preparing meal,Difficulty preparing meal	286493007	difficulty preparing meal,difficulty preparing meal	(10.308177, -0.013571908, 0.37171662)	10.308177	-0.013571908	0.37171662
C3536730 	Stumbling,Stumbling	82612009	stumbling,stumbling	(9.628933, -0.011051095, 0.34727842)	9.628933	-0.011051095	0.34727842
C1283330 	Absenteeism at work,Absenteeism at work	360484006	absenteeism at work,absenteeism at work	(11.00188, -0.01580798, 0.3966813)	11.00188	-0.01580798	0.3966813
C0558077 	Constantly crying,Constantly crying	225460000	constantly crying,constantly crying	(9.938543, -0.013042583, 0.35838905)	9.938543	-0.013042583	0.35838905
C2219848 	Daytime somnolence,Daytime somnolence	141000119100	daytime somnolence,daytime somnolence	(9.2183075, -0.014642958, 0.33231458)	9.2183075	-0.014642958	0.33231458
C0563717 	Unable to control emotions,Unable to control emotions	285851007	unable to control emotions,unable to control emotions	(10.833851, -0.012639623, 0.39072853)	10.833851	-0.012639623	0.39072853
C0178417 	Anhedonia,Loss of capacity for enjoyment	247796005	anhedonia,loss of capacity for enjoyment	(9.646049, -0.013119322, 0.34782448)	9.646049	-0.013119322	0.34782448
C0233514 	Abnormal behavior,Abnormal behavior	25786006	abnormal behavior,abnormal behavior	(10.101384, -0.014518102, 0.36421305)	10.101384	-0.014518102	0.36421305
C0011124 	Decreased Libido,Reduced libido	8357008	decreased libido,reduced libido	(10.466837, -0.015346136, 0.37737754)	10.466837	-0.015346136	0.37737754
C0085636 	Photophobia,Photophobia	409668002	photophobia,photophobia	(9.736186, -0.013592896, 0.3510613)	9.736186	-0.013592896	0.3510613
C1821572 	Decreased level of consciousness,Decreased level of consciousness	443371007	decreased level of consciousness,decreased level of consciousness	(10.336349, -0.013150803, 0.37274894)	10.336349	-0.013150803	0.37274894
C0563158 	Compulsion to act on dangerous thoughts,Compulsion to act on dangerous thoughts	285255005	compulsion to act on dangerous thoughts,compulsion to act on dangerous thoughts	(11.043809, -0.015428588, 0.39821032)	11.043809	-0.015428588	0.39821032
C0438697 	Crying, excessive,Crying, excessive	162213003	crying, excessive,crying, excessive	(9.800894, -0.011565869, 0.35347012)	9.800894	-0.011565869	0.35347012
C0521008 	Screaming,Screaming	81916006	screaming,screaming	(9.849412, -0.011797298, 0.35521418)	9.849412	-0.011797298	0.35521418
C0558261 	Terrified,Terrified	225634009	terrified,terrified	(9.466787, -0.011612029, 0.34140584)	9.466787	-0.011612029	0.34140584
C0522172 	Feeling intoxicated,Feeling intoxicated	102897001	feeling intoxicated,feeling intoxicated	(10.298555, -0.015312198, 0.3713015)	10.298555	-0.015312198	0.3713015
C0019993 	Hospitalization,Inpatient care	394656005	hospitalization,inpatient care	(9.982762, -0.013220246, 0.3599792)	9.982762	-0.013220246	0.3599792
C2364111 	Ageusia,Loss of taste	36955009	ageusia,loss of taste	(10.144348, -0.0116616115, 0.36586684)	10.144348	-0.0116616115	0.36586684
C0424431 	Craving for particular food,Craving for particular food	192019001	craving for particular food,craving for particular food	(9.812208, -0.012522747, 0.35384604)	9.812208	-0.012522747	0.35384604
C0020505 	Hyperphagia,Excessive eating - polyphagia	267023007	hyperphagia,excessive eating - polyphagia	(9.844847, -0.014476563, 0.35495022)	9.844847	-0.014476563	0.35495022
C1291077 	Abdominal bloating,Bloating symptom	248490000	abdominal bloating,bloating symptom	(10.963614, -0.015824592, 0.39529872)	10.963614	-0.015824592	0.39529872
C0424555 	Clammy sweat,Clammy sweat	248245006	clammy sweat,clammy sweat	(10.602303, -0.014990193, 0.38228387)	10.602303	-0.014990193	0.38228387
C0849963 	Feeling nervous,Feeling nervous	424196004	feeling nervous,feeling nervous	(9.084266, -0.01178104, 0.3275884)	9.084266	-0.01178104	0.3275884
C0018524 	Hallucinations,Hallucinations	7011001	hallucinations,hallucinations	(11.458142, -0.015730223, 0.41316074)	11.458142	-0.015730223	0.41316074
C0428895 	Labile blood pressure,Labile blood pressure	251080003	labile blood pressure,labile blood pressure	(10.997433, -0.017512897, 0.39644906)	10.997433	-0.017512897	0.39644906
C0233998 	Orgasm impairment,Orgasm impairment	40915004	orgasm impairment,orgasm impairment	(10.213443, -0.014488243, 0.368261)	10.213443	-0.014488243	0.368261
C0011991 	Diarrhea,Diarrhea	62315008	diarrhea,diarrhea	(11.341372, -0.015720112, 0.40894446)	11.341372	-0.015720112	0.40894446
C0554978 	Racing thoughts,Racing thoughts	285303006	racing thoughts,racing thoughts	(9.384311, -0.012042355, 0.33841297)	9.384311	-0.012042355	0.33841297
C0235146 	Euphoric mood,Feeling high	307074005	euphoric mood,feeling high	(10.151941, -0.013829549, 0.3660655)	10.151941	-0.013829549	0.3660655
C0000737 	Abdominal Pain,Abdominal pain	21522001	abdominal pain,abdominal pain	(10.964784, -0.017520497, 0.39526942)	10.964784	-0.017520497	0.39526942
C1971624	Loss of appetite,Loss of appetite,Appetite absent	79890006	loss of appetite,loss of appetite,appetite absent	(10.746456, -0.013357949, 0.38754922)	10.746456	-0.013357949	0.38754922
C0232462 	Decrease in appetite,Decrease in appetite	64379006	decrease in appetite,decrease in appetite	(11.129454, -0.01519967, 0.4013118)	11.129454	-0.01519967	0.4013118
C0700031 	Anxiety attack,Anxiety attack	300895004	anxiety attack,anxiety attack	(10.241368, -0.013502632, 0.36930677)	10.241368	-0.013502632	0.36930677
C0001241 	Acting Out,Acting out - mental defense mechanism	286662000	acting out,acting out - mental defense mechanism	(8.542756, -0.011763086, 0.3080356)	8.542756	-0.011763086	0.3080356
C0013404 	Dyspnea,Dyspnea	267036007	dyspnea,dyspnea	(10.323388, -0.017311372, 0.37211075)	10.323388	-0.017311372	0.37211075
C0005911 	Body Weight Changes,Weight change	248346009	body weight changes,weight change	(10.336241, -0.013743129, 0.3727237)	10.336241	-0.013743129	0.3727237
C0232461 	Increased appetite,Increased appetite	72405004	increased appetite,increased appetite	(9.766239, -0.013291222, 0.3521581)	9.766239	-0.013291222	0.3521581
C0426584 	Excessive appetite,Excessive appetite	102608004	excessive appetite,excessive appetite	(9.566602, -0.01348171, 0.34494165)	9.566602	-0.01348171	0.34494165
C0427195 	Muscle Tension,Muscle tension	250069006	muscle tension,muscle tension	(10.255673, -0.014635178, 0.36978024)	10.255673	-0.014635178	0.36978024
C0003862 	Arthralgia,Joint pain	57676002	arthralgia,joint pain	(10.71128, -0.01540671, 0.3862028)	10.71128	-0.01540671	0.3862028
C0475858 	Generalized pruritus,Generalized pruritus	276444007	generalized pruritus,generalized pruritus	(10.016631, -0.014541068, 0.3611514)	10.016631	-0.014541068	0.3611514
C0423684 	Thoracic back pain,Thoracic back pain	279038004	thoracic back pain,thoracic back pain	(11.608227, -0.016610267, 0.41854635)	11.608227	-0.016610267	0.41854635
C0004604 	Back Pain,Backache	161891005	back pain,backache	(9.4337, -0.012338936, 0.3401856)	9.4337	-0.012338936	0.3401856
C0010709 	Cyst,Cyst	441457006	cyst,cyst	(9.632296, -0.014228937, 0.34728414)	9.632296	-0.014228937	0.34728414
C0033774 	Pruritus,Itching	418290006	pruritus,itching	(8.854967, -0.012316823, 0.31928864)	8.854967	-0.012316823	0.31928864
C0917799 	Hypersomnia,Hypersomnia	77692006	hypersomnia,hypersomnia	(10.773978, -0.01696427, 0.38840216)	10.773978	-0.01696427	0.38840216
C0423994 	Unable to think clearly,Unable to think clearly	247640008	unable to think clearly,unable to think clearly	(10.036061, -0.011783379, 0.3619534)	10.036061	-0.011783379	0.3619534
C0018379 	Guilt,Feeling guilt	7571003	guilt,feeling guilt	(9.139781, -0.012096907, 0.3295815)	9.139781	-0.012096907	0.3295815
C0028084 	Nightmares,Nightmares	419145002	nightmares,nightmares	(9.50105, -0.011889952, 0.34263334)	9.50105	-0.011889952	0.34263334
C3263685 	Hormone abnormality,Hormone abnormality	84452004	hormone abnormality,hormone abnormality	(10.639131, -0.01501041, 0.383613)	10.639131	-0.01501041	0.383613
C0424939 	Learning difficulties,Learning difficulties	161129001	learning difficulties,learning difficulties	(10.816858, -0.0141480835, 0.39006326)	10.816858	-0.0141480835	0.39006326
C0005826 	Abnormal blood pressure,Abnormal blood pressure	38936003	abnormal blood pressure,abnormal blood pressure	(10.818188, -0.015967263, 0.39004102)	10.818188	-0.015967263	0.39004102
C0554980 	Moody,Moody	286641001	moody,moody	(9.444643, -0.012633447, 0.34056994)	9.444643	-0.012633447	0.34056994
C0392156 	Akathisia,Akathisia	285145004	akathisia,akathisia	(10.985712, -0.015512952, 0.3961091)	10.985712	-0.015512952	0.3961091
C0278180 	Drugged state,Drugged state	34951003	drugged state,drugged state	(9.407397, -0.011916463, 0.33925098)	9.407397	-0.011916463	0.33925098
C0234019 	Does not enjoy having sex,Does not enjoy having sex	87388001	does not enjoy having sex,does not enjoy having sex	(10.822811, -0.014414295, 0.39026847)	10.822811	-0.014414295	0.39026847
C0036902 	Sexual Arousal Disorder,Sexual arousal disorder	74007000	sexual arousal disorder,sexual arousal disorder	(10.339066, -0.013560501, 0.37283236)	10.339066	-0.013560501	0.37283236
C0026961 	Mydriasis,Dilated pupil	37125009	mydriasis,dilated pupil	(10.4342575, -0.015085618, 0.3762115)	10.4342575	-0.015085618	0.3762115
C0556385 	Craving for alcohol,Craving for alcohol	228365005	craving for alcohol,craving for alcohol	(9.856557, -0.013059813, 0.355428)	9.856557	-0.013059813	0.355428
C0151474 	Alcohol intolerance,Alcohol intolerance	102612005	alcohol intolerance,alcohol intolerance	(11.145275, -0.014902773, 0.40189424)	11.145275	-0.014902773	0.40189424
C0312422 	Blackout - symptom,Blackout	418648005	blackout - symptom,blackout	(9.165985, -0.011777244, 0.33053923)	9.165985	-0.011777244	0.33053923
C0542313 	Sleep Talking,Sleeptalking	36321004	sleep talking,sleeptalking	(8.93925, -0.012129679, 0.32233927)	8.93925	-0.012129679	0.32233927
C0233479 	Elevated mood,Elevated mood	81548002	elevated mood,elevated mood	(9.230355, -0.013040119, 0.3328164)	9.230355	-0.013040119	0.3328164
C0001973 	Alcoholic Intoxication, Chronic,Alcohol dependence	66590003	alcoholic intoxication, chronic,alcohol dependence	(10.542827, -0.0150106, 0.38013524)	10.542827	-0.0150106	0.38013524
C0009938 	Contusions,Contusion	125667009	contusions,contusion	(9.14686, -0.012731429, 0.32981327)	9.14686	-0.012731429	0.32981327
C0036341 	Schizophrenia,Schizophrenia	58214004	schizophrenia,schizophrenia	(9.909807, -0.01197768, 0.35738876)	9.909807	-0.01197768	0.35738876
C0085631 	Agitation,Feeling agitated	24199005	agitation,feeling agitated	(8.696413, -0.010858331, 0.31361684)	8.696413	-0.010858331	0.31361684
C0871189 	Psychotic symptom,Psychotic symptom	363895008	psychotic symptom,psychotic symptom	(10.486517, -0.013451976, 0.37816042)	10.486517	-0.013451976	0.37816042
C4304747 	Intelligible speech,Intelligible speech	719401001	intelligible speech,intelligible speech	(11.944184, -0.017203217, 0.43065518)	11.944184	-0.017203217	0.43065518
C0424323 	Physical aggression,Physical aggression	248004009	physical aggression,physical aggression	(10.305487, -0.014476688, 0.3715853)	10.305487	-0.014476688	0.3715853
C1262477 	Weight decreased,Weight loss	89362005	weight decreased,weight loss	(10.325982, -0.013426761, 0.3723648)	10.325982	-0.013426761	0.3723648
C0233471 	Flat affect,Flat affect	932006	flat affect,flat affect	(8.528742, -0.012252483, 0.30751047)	8.528742	-0.012252483	0.30751047
C0021177 	Increased Libido,Increased libido	58436003	increased libido,increased libido	(10.534849, -0.015707055, 0.379819)	10.534849	-0.015707055	0.379819
C0423044	Poor focus,Poor focus	246720002	poor focus,poor focus	(8.669592, -0.012692024, 0.31257936)	8.669592	-0.012692024	0.31257936
C3887611 	Restlessness,Restlessness	162221009	restlessness,restlessness	(9.894785, -0.012380305, 0.35683256)	9.894785	-0.012380305	0.35683256
C0424558 	Sweaty hands,Sweaty hands	248248008	sweaty hands,sweaty hands	(10.179899, -0.014410288, 0.36705273)	10.179899	-0.014410288	0.36705273
C0007859 	Neck Pain,Neck pain	81680005	neck pain,neck pain	(10.017348, -0.013160904, 0.36123028)	10.017348	-0.013160904	0.36123028
C0233565 	Bradykinesia,Bradykinesia	399317006	bradykinesia,bradykinesia	(9.276227, -0.013791247, 0.3344428)	9.276227	-0.013791247	0.3344428
C0020039 	Hostility,Hostile behavior	79351003	hostility,hostile behavior	(9.683623, -0.012663725, 0.34919813)	9.683623	-0.012663725	0.34919813
C0563146 	Slow flow of thought,Slow flow of thought	247627003	slow flow of thought,slow flow of thought	(10.077011, -0.013293591, 0.36337972)	10.077011	-0.013293591	0.36337972
C0151908 	Dry skin,Dry skin	16386004	dry skin,dry skin	(8.814494, -0.011803308, 0.31784657)	8.814494	-0.011803308	0.31784657
C0277960 	Dry hair,Dry hair	79395009	dry hair,dry hair	(9.458434, -0.012781285, 0.34106246)	9.458434	-0.012781285	0.34106246
C3672010 	Lip licking,Lip licking	700248003	lip licking,lip licking	(9.674063, -0.01287401, 0.3488452)	9.674063	-0.01287401	0.3488452
C0040264 	Tinnitus,Tinnitus	60862001	tinnitus,tinnitus	(9.740697, -0.013694367, 0.35122025)	9.740697	-0.013694367	0.35122025
C0008031 	Chest Pain,Chest pain	29857009	chest pain,chest pain	(9.914101, -0.013790785, 0.3574784)	9.914101	-0.013790785	0.3574784
C0522165 	Feeling calm,Feeling calm	102894008	feeling calm,feeling calm	(9.213486, -0.011868417, 0.33225113)	9.213486	-0.011868417	0.33225113
C0566582 	Appetite problem,Appetite problem	289163007	appetite problem,appetite problem	(9.686701, -0.012060075, 0.34933057)	9.686701	-0.012060075	0.34933057
C0080274 	Urinary Retention,Unable to void urine	449491000124101	urinary retention,unable to void urine	(9.856767, -0.01420351, 0.3553917)	9.856767	-0.01420351	0.3553917
C0013604 	Edema,Edema	267038008	edema,edema	(9.907624, -0.013133029, 0.35726932)	9.907624	-0.013133029	0.35726932
C0002957 	Anger,Feeling angry	75408008	anger,feeling angry	(9.212488, -0.011132988, 0.33224055)	9.212488	-0.011132988	0.33224055
C1277340 	Deterioration in school performance,Deterioration in school performance	315245004	deterioration in school performance,deterioration in school performance	(11.166759, -0.014154791, 0.402697)	11.166759	-0.014154791	0.402697
C0220870 	Lightheadedness,Lightheadedness	386705008	lightheadedness,lightheadedness	(9.777996, -0.0134416325, 0.3525769)	9.777996	-0.0134416325	0.3525769
C0424528 	Dream-like state,Seems in a dream	19129003	dream-like state,seems in a dream	(10.119466, -0.011182624, 0.3649835)	10.119466	-0.011182624	0.3649835
C0558127 	Feels dreams are real,Feels dreams are real	225522006	feels dreams are real,feels dreams are real	(10.56635, -0.013538963, 0.38103983)	10.56635	-0.013538963	0.38103983
C0270327 	Bedwetting,Nocturnal enuresis	8009008	bedwetting,nocturnal enuresis	(9.906359, -0.013210103, 0.35722074)	9.906359	-0.013210103	0.35722074
C0235309 	Upset stomach,Upset stomach	162059005	upset stomach,upset stomach	(10.047484, -0.013489601, 0.36230633)	10.047484	-0.013489601	0.36230633
C0557386 	Restricted work performance,Restricted work performance	224398005	restricted work performance,restricted work performance	(9.256411, -0.012363101, 0.33378306)	9.256411	-0.012363101	0.33378306
C0024031 	Low Back Pain,Low back pain	279039007	low back pain,low back pain	(9.516638, -0.012862083, 0.3431611)	9.516638	-0.012862083	0.3431611
C0022104 	Irritable Bowel Syndrome,Irritable bowel syndrome	10743008	irritable bowel syndrome,irritable bowel syndrome	(11.742957, -0.016649732, 0.42341024)	11.742957	-0.016649732	0.42341024
C0015230 	Exanthema,Cutaneous eruption	112625008	exanthema,cutaneous eruption	(10.6284075, -0.0139687685, 0.38326514)	10.6284075	-0.0139687685	0.38326514
C0564548 	Callous character,Callous character	286734003	callous character,callous character	(9.186957, -0.011797451, 0.33129576)	9.186957	-0.011797451	0.33129576
C0231218 	Malaise,Malaise	367391008	malaise,malaise	(9.569544, -0.013498382, 0.34504724)	9.569544	-0.013498382	0.34504724
C0027424 	Nasal congestion,Nasal congestion	68235000]	nasal congestion,nasal congestion	(10.633085, -0.013945361, 0.3834349)	10.633085	-0.013945361	0.3834349
C0349446 	Dissociative trance,Dissociative trance	276296007	dissociative trance,dissociative trance	(10.752021, -0.014570736, 0.38770643)	10.752021	-0.014570736	0.38770643
C0085593 	Chills,Chill	43724002	chills,chill	(9.22795, -0.011593369, 0.33278307)	9.22795	-0.011593369	0.33278307
C0278210 	Problem of visual accommodation,Problem of visual accommodation	55891002	problem of visual accommodation,problem of visual accommodation	(9.479251, -0.012253615, 0.34183347)	9.479251	-0.012253615	0.34183347
C0233408 	Disorientated in time,Disorientated in time	19657006	disorientated in time,disorientated in time	(10.577019, -0.0145110665, 0.38138932)	10.577019	-0.0145110665	0.38138932
C0233407 	Disorientation,Disorientated	62476001	disorientation,disorientated	(10.375825, -0.014170085, 0.37413707)	10.375825	-0.014170085	0.37413707
C0231303 	Distress,Distress	69328002	distress,distress	(9.965165, -0.012756799, 0.3593606)	9.965165	-0.012756799	0.3593606
C0424432 	Craving for particular drink,Craving for particular drink	248133008	craving for particular drink,craving for particular drink	(9.901491, -0.012234745, 0.35707974)	9.901491	-0.012234745	0.35707974
C0413862 	Adverse reaction to caffeine,Adverse reaction caused by caffeine	218799005	adverse reaction to caffeine,adverse reaction caused by caffeine	(11.141643, -0.021061808, 0.40148732)	11.141643	-0.021061808	0.40148732
C2129214 	Loose stool,loose stool	398032003	loose stool,loose stool	(9.746932, -0.013463437, 0.35145432)	9.746932	-0.013463437	0.35145432
C0234047 	Late ejaculation,Late ejaculation	15405008	late ejaculation,late ejaculation	(11.861815, -0.01764272, 0.42766267)	11.861815	-0.01764272	0.42766267
C4074971 	Unable to cry,Unable to cry	715039008	unable to cry,unable to cry	(10.972299, -0.012820032, 0.3957211)	10.972299	-0.012820032	0.3957211
C0232124 	Dropped beats - pulse,Dropped beats - pulse	86890001	dropped beats - pulse,dropped beats - pulse	(9.729042, -0.012364949, 0.35084876)	9.729042	-0.012364949	0.35084876
C0231218	Malaise,Undifferentiated illness: Vague ill health,Malaise	248282002	malaise,undifferentiated illness: vague ill health,malaise	(9.217489, -0.012142539, 0.33238578)	9.217489	-0.012142539	0.33238578
C0582051 	Feels warm,Feels warm	304214002	feels warm,feels warm	(9.52674, -0.012905645, 0.34352428)	9.52674	-0.012905645	0.34352428
C0425769 	Excessive orgasm,Excessive orgasm	248799000	excessive orgasm,excessive orgasm	(9.44045, -0.013576098, 0.34038225)	9.44045	-0.013576098	0.34038225
C0232487 	Abdominal discomfort,Abdominal discomfort	43364001	abdominal discomfort,abdominal discomfort	(10.072106, -0.01488502, 0.3631409)	10.072106	-0.01488502	0.3631409
C0312418 	Personality Sensitivity,Sensitivity	35209006	personality sensitivity,sensitivity	(9.171837, -0.013146892, 0.3306989)	9.171837	-0.013146892	0.3306989
C2958630 	Sense of impending doom,Sense of impending doom	712759008	sense of impending doom,sense of impending doom	(10.178442, -0.012779814, 0.36706048)	10.178442	-0.012779814	0.36706048
C0036660 	Morbid hunger,Morbid hunger	32939004	morbid hunger,morbid hunger	(10.236674, -0.012937202, 0.36915755)	10.236674	-0.012937202	0.36915755
C0425766 	Weak orgasm,Weak orgasm	248796007	weak orgasm,weak orgasm	(9.642987, -0.01370214, 0.34769145)	9.642987	-0.01370214	0.34769145
C4074950 	Difficulty crying,Difficulty crying	715042002	difficulty crying,difficulty crying	(10.118576, -0.014370315, 0.3648398)	10.118576	-0.014370315	0.3648398
C4048182 	Unable to swallow,Unable to swallow	249486008	unable to swallow,unable to swallow	(10.77862, -0.01222303, 0.38874784)	10.77862	-0.01222303	0.38874784
C0455769 	Increased energy,Increased energy	276301007	increased energy,increased energy	(9.644854, -0.012642227, 0.34779897)	9.644854	-0.012642227	0.34779897
C0577027 	Stomach problem,Stomach problem	300306001	stomach problem,stomach problem	(10.914489, -0.013903807, 0.3935972)	10.914489	-0.013903807	0.3935972
C0038663 	Suicide attempt,Suicide attempt	82313006	suicide attempt,suicide attempt	(10.585692, -0.014350475, 0.3817086)	10.585692	-0.014350475	0.3817086
C0016053 	Fibromyalgia,Fibromyalgia	203082005	fibromyalgia,fibromyalgia	(11.402955, -0.01803145, 0.41107336)	11.402955	-0.01803145	0.41107336
C0041674 	Unemployment,Unemployed	73438004	unemployment,unemployed	(9.788038, -0.012902486, 0.35295963)	9.788038	-0.012902486	0.35295963
C0562319 	Examination of heart,Examination of heart	284448002	examination of heart,examination of heart	(10.202544, -0.012256987, 0.3679485)	10.202544	-0.012256987	0.3679485
C4275267 	Referral to critical care service,Referral to critical care service	715189003	referral to critical care service,referral to critical care service	(10.467116, -0.013127878, 0.37747136)	10.467116	-0.013127878	0.37747136
C0522179 	Death anxiety,Death anxiety	129869000	death anxiety,death anxiety	(10.089001, -0.013035864, 0.36382198)	10.089001	-0.013035864	0.36382198
C0424095 	Social withdrawal,Social withdrawal	105411000	social withdrawal,social withdrawal	(9.442742, -0.012170917, 0.34051815)	9.442742	-0.012170917	0.34051815
C0311394 	Difficulty walking,Difficulty walking	719232003	difficulty walking,difficulty walking	(11.128211, -0.01943332, 0.4010842)	11.128211	-0.01943332	0.4010842
C0029944 	Drug Overdose,Drug overdose	55680006	drug overdose,drug overdose	(10.761446, -0.0147397695, 0.3880404)	10.761446	-0.0147397695	0.3880404
C1760428 	Suicidal behavior,Suicidal behavior	425104003	suicidal behavior,suicidal behavior	(10.61474, -0.014346495, 0.38275766)	10.61474	-0.014346495	0.38275766
C0021167 	Incontinence,Incontinence	48340000	incontinence,incontinence	(10.189691, -0.01619909, 0.3673318)	10.189691	-0.01619909	0.3673318
C0547030 	Visual disturbance,Visual alteration	131182003	visual disturbance,visual alteration	(10.958308, -0.014011167, 0.3951756)	10.958308	-0.014011167	0.3951756
C1456784 	Paranoia,Paranoid disorder	191667009	paranoia,paranoid disorder	(10.720424, -0.013590868, 0.38660115)	10.720424	-0.013590868	0.38660115
C0039070 	Syncope,Syncope	271594007	syncope,syncope	(9.738727, -0.013926248, 0.35114)	9.738727	-0.013926248	0.35114
C0583786 	Seen in psychiatry day hospital,Seen in psychiatry day hospital	305908005	seen in psychiatry day hospital,seen in psychiatry day hospital	(9.709664, -0.012798116, 0.35013354)	9.709664	-0.012798116	0.35013354
C0037320 	Night Terrors,Sleep terror disorder	89675003	night terrors,sleep terror disorder	(9.895026, -0.011391115, 0.35687426)	9.895026	-0.011391115	0.35687426
C0233762 	Hallucinations, Auditory,Auditory hallucinations	45150006	hallucinations, auditory,auditory hallucinations	(10.755087, -0.014859475, 0.3878062)	10.755087	-0.014859475	0.3878062
C0039494 	Temporomandibular Joint Disorders,Temporomandibular joint disorder	41888000	temporomandibular joint disorders,temporomandibular joint disorder	(10.894911, -0.016570888, 0.39278683)	10.894911	-0.016570888	0.39278683
C0424304 	Inappropriate laughter,Inappropriate laughter	247985007	inappropriate laughter,inappropriate laughter	(8.811249, -0.012536187, 0.3177013)	8.811249	-0.012536187	0.3177013
C0241729 	Weight fluctuates,Weight fluctuates	248332009	weight fluctuates,weight fluctuates	(11.560363, -0.015946165, 0.41684377)	11.560363	-0.015946165	0.41684377
C0150079 	Sleep pattern disturbance,Sleep pattern disturbance	26677001	sleep pattern disturbance,sleep pattern disturbance	(10.524142, -0.01220947, 0.37956095)	10.524142	-0.01220947	0.37956095
C0554985 	Aggressive outburst,Aggressive outburst	192083006	aggressive outburst,aggressive outburst	(9.366928, -0.011942635, 0.33778882)	9.366928	-0.011942635	0.33778882
C0560617 	Knocked out,Knocked out	282750008	knocked out,knocked out	(11.631158, -0.015568882, 0.4194144)	11.631158	-0.015568882	0.4194144
C0017168 	Gastroesophageal reflux disease,Acid reflux	698065002	gastroesophageal reflux disease,acid reflux	(10.971086, -0.017002549, 0.39551967)	10.971086	-0.017002549	0.39551967
C0017187 	Gastrointestinal problem,Gastrointestinal tract problem	300439004	gastrointestinal problem,gastrointestinal tract problem	(11.274032, -0.016126914, 0.4064968)	11.274032	-0.016126914	0.4064968
C0424366 	Self-harm,Self-harm	248061004	self-harm,self-harm	(9.634897, -0.013062754, 0.34742394)	9.634897	-0.013062754	0.34742394
C0850674 	Twitching eye,Twitching eye	699377006	twitching eye,twitching eye	(9.264588, -0.013477552, 0.33403525)	9.264588	-0.013477552	0.33403525
C0877781 	Hemicrania,Unilateral headache	103006007	hemicrania,unilateral headache	(10.974778, -0.015631946, 0.39570954)	10.974778	-0.015631946	0.39570954
C2141086 	Pain of left eye,Pain of left eye	339211000119104	pain of left eye,pain of left eye	(10.844507, -0.014150071, 0.3910615)	10.844507	-0.014150071	0.3910615
C0239511 	Numbness of face,Numbness of face	309557009	numbness of face,numbness of face	(10.4506855, -0.0121373385, 0.37691128)	10.4506855	-0.0121373385	0.37691128
C0239832Â 	Numbness of hand,Numbness of hand	309521004	numbness of hand,numbness of hand	(10.556864, -0.0137084015, 0.38069126)	10.556864	-0.0137084015	0.38069126
C0151315 	Neck stiffness,Stiff neck	161882006	neck stiffness,stiff neck	(10.759855, -0.01340193, 0.38803145)	10.759855	-0.01340193	0.38803145
C0241042 	Shoulder stiff,Shoulder stiff	249918006	shoulder stiff,shoulder stiff	(9.495483, -0.012071394, 0.34242603)	9.495483	-0.012071394	0.34242603
C0564820 	Pain in left arm,Pain in left arm	287045000	pain in left arm,pain in left arm	(11.406914, -0.015430543, 0.4113222)	11.406914	-0.015430543	0.4113222
C0020604 	Hypochondriasis,Hypochondriasis	18193002	hypochondriasis,hypochondriasis	(10.748347, -0.017554048, 0.38745013)	10.748347	-0.017554048	0.38745013
C0012746 	Dissociative disorder,Dissociative disorder	44376007	dissociative disorder,dissociative disorder	(10.801704, -0.0151588125, 0.38947806)	10.801704	-0.0151588125	0.38947806
C0425101 	Problems at work,Problems at work	266959008	problems at work,problems at work	(9.965558, -0.013568446, 0.35934502)	9.965558	-0.013568446	0.35934502
C0426585 	Always hungry,Always hungry	249472009	always hungry,always hungry	(10.055607, -0.012566044, 0.3626328)	10.055607	-0.012566044	0.3626328
C0575010 	Temporomandibular joint stiff,Temporomandibular joint stiff	298231004	temporomandibular joint stiff,temporomandibular joint stiff	(11.032416, -0.016995631, 0.3977351)	11.032416	-0.016995631	0.3977351
C2364087 	Actual Low Initiative,Loss of initiative	276306002	actual low initiative,loss of initiative	(8.790188, -0.010677156, 0.31700882)	8.790188	-0.010677156	0.31700882
C0569700 	Dopamine adverse reaction,Dopamine adverse reaction	292518004	dopamine adverse reaction,dopamine adverse reaction	(11.529274, -0.018317895, 0.4156234)	11.529274	-0.018317895	0.4156234
C0020615 	Hypoglycemia,Hypoglycemia	302866003	hypoglycemia,hypoglycemia	(10.824655, -0.018271891, 0.39017347)	10.824655	-0.018271891	0.39017347
C0041755 	Adverse reaction to drug,Adverse reaction caused by drug	62014003	adverse reaction to drug,adverse reaction caused by drug	(11.257557, -0.017330805, 0.40585223)	11.257557	-0.017330805	0.40585223
C0016242 	Vitreous floaters,Vitreous floaters	15013002	vitreous floaters,vitreous floaters	(9.692265, -0.014079581, 0.34945598)	9.692265	-0.014079581	0.34945598
C0035258 	Restless Legs Syndrome,Restless legs	32914008	restless legs syndrome,restless legs	(9.211052, -0.011877573, 0.3321629)	9.211052	-0.011877573	0.3321629
C0235169 	Excitability,Excitability	102893002	excitability,excitability	(9.643399, -0.013368254, 0.3477193)	9.643399	-0.013368254	0.3477193
C0455204 	Homicidal thoughts,Homicidal thoughts	225450009	homicidal thoughts,homicidal thoughts	(10.185934, -0.014416881, 0.36727038)	10.185934	-0.014416881	0.36727038
C0702166 	Acne,Acne	11381005	acne,acne	(10.01252, -0.014074276, 0.36102143)	10.01252	-0.014074276	0.36102143
C0522058 	Carbohydrate craving,Carbohydrate craving	102607009	carbohydrate craving,carbohydrate craving	(10.402559, -0.015651539, 0.3750436)	10.402559	-0.015651539	0.3750436
C0013473 	Eating Disorders,Eating disorder	72366004	eating disorders,eating disorder	(10.275357, -0.013383848, 0.37053838)	10.275357	-0.013383848	0.37053838
C0235050 	Tingling of skin,Tingling of skin	274676007	tingling of skin,tingling of skin	(9.774788, -0.01327756, 0.3524673)	9.774788	-0.01327756	0.3524673
C0522057 	Numbness of skin,Numbness of skin	102603008	numbness of skin,numbness of skin	(10.114237, -0.012492078, 0.36475223)	10.114237	-0.012492078	0.36475223
C0558219 	Easily upset,Easily upset	225653004	easily upset,easily upset	(8.744502, -0.011935693, 0.31531423)	8.744502	-0.011935693	0.31531423
C0581879 	Felt faint,Feeling faint	248223005	felt faint,feeling faint	(9.245732, -0.011408422, 0.3334315)	9.245732	-0.011408422	0.3334315
C0522173 	Absence of guilt,Absence of guilt	102905003	absence of guilt,absence of guilt	(9.527916, -0.012471755, 0.3435828)	9.527916	-0.012471755	0.3435828
C0424295 	Hyperactive behavior,Hyperactive behavior	44548000	hyperactive behavior,hyperactive behavior	(10.064835, -0.013448681, 0.36293432)	10.064835	-0.013448681	0.36293432
C0395016 	Speech problem,Speech problem	267095009	speech problem,speech problem	(9.294588, -0.01177873, 0.3351827)	9.294588	-0.01177873	0.3351827
C2018018 	Speech block,Speech block	719399007	speech block,speech block	(8.686984, -0.011307272, 0.31326056)	8.686984	-0.011307272	0.31326056
C0677661 	Emotional upset,Emotional upset	309838005	emotional upset,emotional upset	(9.834323, -0.013823974, 0.35459623)	9.834323	-0.013823974	0.35459623
C0234463 	Amnemonic aphasia,Amnemonic aphasia	85799002	amnemonic aphasia,amnemonic aphasia	(10.221337, -0.016285317, 0.36847103)	10.221337	-0.016285317	0.36847103
C0236858 	Partner relationship problem,Partner relationship problem	1041000119100	partner relationship problem,partner relationship problem	(10.489538, -0.013301075, 0.37827486)	10.489538	-0.013301075	0.37827486
C0555026 	Marital conflict,Marital problems	65118005	marital conflict,marital problems	(9.314762, -0.012327657, 0.3358914)	9.314762	-0.012327657	0.3358914
C0424132 	Tedium vitae,Tedium vitae	247795009	tedium vitae,tedium vitae	(10.622883, -0.01516395, 0.38302022)	10.622883	-0.01516395	0.38302022
C0024517 	Single major depressive episode,Major depression, single episode	36923009	single major depressive episode,major depression, single episode	(11.121412, -0.01391745, 0.401068)	11.121412	-0.01391745	0.401068
C0424112 	Unable to cry with emotion,Unable to cry with emotion	247773005	unable to cry with emotion,unable to cry with emotion	(10.245119, -0.01209416, 0.369491)	10.245119	-0.01209416	0.369491
C3495011 	Drug interaction with tobacco,Drug interaction with tobacco	432381000124102	drug interaction with tobacco,drug interaction with tobacco	(10.785873, -0.014042865, 0.38894826)	10.785873	-0.014042865	0.38894826
C2939147 	Feels hot,Feels hot	373932008	feels hot,feels hot	(9.504382, -0.013185938, 0.34270626)	9.504382	-0.013185938	0.34270626
C0015726 	Fear,Fear	1402001	fear,fear	(9.654492, -0.012321136, 0.34815854)	9.654492	-0.012321136	0.34815854
C0026603 	Motion Sickness,Motion sickness	37031009	motion sickness,motion sickness	(10.134834, -0.01341565, 0.3654632)	10.134834	-0.01341565	0.3654632
C0277884 	Increased systolic arterial pressure,Increased systolic arterial pressure	18050000	increased systolic arterial pressure,increased systolic arterial pressure	(11.152649, -0.01789283, 0.40203857)	11.152649	-0.01789283	0.40203857
C0023222 	Pain in lower limb,Pain in lower limb	10601006	pain in lower limb,pain in lower limb	(11.803641, -0.01693548, 0.4255904)	11.803641	-0.01693548	0.4255904
C0241633 	Vaginal dryness,Vaginal dryness	31908003	vaginal dryness,vaginal dryness	(10.432301, -0.014284827, 0.3761721)	10.432301	-0.014284827	0.3761721
C0235283 	Buzzing in ear,Buzzing in ear	162351000	buzzing in ear,buzzing in ear	(10.239258, -0.014078684, 0.36920905)	10.239258	-0.014078684	0.36920905
C0424572 	Oversleeps,Oversleeps	248261008	oversleeps,oversleeps	(10.111804, -0.014918591, 0.36457318)	10.111804	-0.014918591	0.36457318
C0233492 	Elation,Elation	34822003	elation,elation	(9.582251, -0.014258486, 0.34547558)	9.582251	-0.014258486	0.34547558
C0027338 	Nail Biting,Nail biting	37298006	nail biting,nail biting	(9.457618, -0.012784491, 0.34103283)	9.457618	-0.012784491	0.34103283
C0578994 	Unpleasant taste in mouth,Bad taste in mouth	302188001	unpleasant taste in mouth,bad taste in mouth	(11.625294, -0.015215456, 0.41921562)	11.625294	-0.015215456	0.41921562
C0239649 	Numbness of foot,Numbness of foot	309538000	numbness of foot,numbness of foot	(10.554349, -0.013997175, 0.38058993)	10.554349	-0.013997175	0.38058993
C0037199	Sinusitis,Sinusitis,Sinusitis	36971009	sinusitis,sinusitis,sinusitis	(11.34652, -0.0141512975, 0.40918764)	11.34652	-0.0141512975	0.40918764
C0036973 	Shivering,Shivering or rigors	248456009	shivering,shivering or rigors	(8.57883, -0.010404795, 0.30938697)	8.57883	-0.010404795	0.30938697
C0522224 	Paralysed,Paralysis	44695005	paralysed,paralysis	(9.2254, -0.013704002, 0.33261076)	9.2254	-0.013704002	0.33261076
C0578673 	Difficulty moving,Difficulty moving	302002000	difficulty moving,difficulty moving	(9.784415, -0.013711132, 0.35279834)	9.784415	-0.013711132	0.35279834
C0036572 	Seizures,Seizure	91175000	seizures,seizure	(9.767967, -0.011901684, 0.3522702)	9.767967	-0.011901684	0.3522702
C0558185 	Unable to move,Unable to move	225601007	unable to move,unable to move	(10.676854, -0.012491822, 0.3850652)	10.676854	-0.012491822	0.3850652
C0564216 	Unable to speak,Unable to speak	286369003	unable to speak,unable to speak	(10.894885, -0.012588118, 0.39293373)	10.894885	-0.012588118	0.39293373
C0566276 	Unable to drink,Unable to drink	288854000	unable to drink,unable to drink	(10.641891, -0.012260809, 0.38381034)	10.641891	-0.012260809	0.38381034
C0233632 	Disturbance in thinking,Disturbance in thinking	26628009	disturbance in thinking,disturbance in thinking	(10.288031, -0.013674687, 0.3709854)	10.288031	-0.013674687	0.3709854
C0557885 	Feeling trapped,Feeling trapped	224976008	feeling trapped,feeling trapped	(8.784566, -0.011409146, 0.31678033)	8.784566	-0.011409146	0.31678033
C0581394 	Swollen legs,Swelling of lower limb	449614009	swollen legs,swelling of lower limb	(10.828695, -0.012688652, 0.3905408)	10.828695	-0.012688652	0.3905408
C0033771 	Prurigo,Pruritic rash	64144002	prurigo,pruritic rash	(8.923738, -0.013780593, 0.32171264)	8.923738	-0.013780593	0.32171264
C0149745 	Oral Ulcer,Ulcer of mouth	26284000	oral ulcer,ulcer of mouth	(10.175271, -0.014818619, 0.3668693)	10.175271	-0.014818619	0.3668693
C1527304 	Allergic Reaction,Allergic reaction	419076005	allergic reaction,allergic reaction	(10.419493, -0.016676178, 0.37561104)	10.419493	-0.016676178	0.37561104
C0242429 	Sore Throat,Sore throat symptom	267102003	sore throat,sore throat symptom	(10.794286, -0.016066, 0.38917375)	10.794286	-0.016066	0.38917375
C2697368 	Gastrointestinal irritation,Gastrointestinal irritation	95516005	gastrointestinal irritation,gastrointestinal irritation	(11.404743, -0.01751201, 0.41116044)	11.404743	-0.01751201	0.41116044
C0235108 	Feeling tense,Feeling tense	263897001	feeling tense,feeling tense	(8.729538, -0.011395483, 0.31479388)	8.729538	-0.011395483	0.31479388
C0241705 	Difficulty passing urine,Difficulty passing urine	102835006	difficulty passing urine,difficulty passing urine	(10.265464, -0.013386468, 0.37018105)	10.265464	-0.013386468	0.37018105
C1532253 	Sedentary lifestyle,Sedentary lifestyle	415510005	sedentary lifestyle,sedentary lifestyle	(10.562505, -0.014432835, 0.3808682)	10.562505	-0.014432835	0.3808682
C0563168 	Dangerous and harmful thoughts,Dangerous and harmful thoughts	285261008	dangerous and harmful thoughts,dangerous and harmful thoughts	(9.754409, -0.011944766, 0.35177916)	9.754409	-0.011944766	0.35177916
C0239882 	Head tremor,Head tremor	313841000009104	head tremor,head tremor	(9.725343, -0.012747783, 0.35070148)	9.725343	-0.012747783	0.35070148
C0236000 	Jaw pain,Jaw pain	274667000	jaw pain,jaw pain	(9.897998, -0.013386066, 0.35691226)	9.897998	-0.013386066	0.35691226
C0424110 	Cries easily,Cries easily	247771007	cries easily,cries easily	(10.331839, -0.012160915, 0.37261972)	10.331839	-0.012160915	0.37261972
C0003811 	Cardiac Arrhythmia,Cardiac arrhythmia	698247007	cardiac arrhythmia,cardiac arrhythmia	(11.210219, -0.018068228, 0.4041102)	11.210219	-0.018068228	0.4041102
C0232197 	Fibrillation,Fibrillation	40593004	fibrillation,fibrillation	(9.722871, -0.013648916, 0.3505783)	9.722871	-0.013648916	0.3505783
C0233488 	Feeling despair,Feeling despair	17029006	feeling despair,feeling despair	(9.077052, -0.012508149, 0.32730097)	9.077052	-0.012508149	0.32730097
C0262630 	Reduced concentration span,Reduced concentration span	247762003	reduced concentration span,reduced concentration span	(9.075971, -0.0128986435, 0.3272468)	9.075971	-0.0128986435	0.3272468
C0038506 	Stuttering,Stuttering	39423001	stuttering,stuttering	(9.983096, -0.01328135, 0.35998905)	9.983096	-0.01328135	0.35998905
C0005586 	Bipolar Disorder,Bipolar disorder	13746004	bipolar disorder,bipolar disorder	(10.491804, -0.015076958, 0.37829006)	10.491804	-0.015076958	0.37829006
C0010399 	Crying,Crying	304534000	crying,crying	(9.995721, -0.012113675, 0.360486)	9.995721	-0.012113675	0.360486
C0701812 	Sluggish thinking,Sluggish thought	285243004	sluggish thinking,sluggish thought	(9.390067, -0.013739172, 0.3385562)	9.390067	-0.013739172	0.3385562
C0240327Â  	Taste, Metallic,Metallic taste	11193009	taste, metallic,metallic taste	(9.636371, -0.0129318, 0.34748203)	9.636371	-0.0129318	0.34748203
C0240327Â 	Taste, Metallic,Metallic taste	11193009	taste, metallic,metallic taste	(9.636371, -0.0129318, 0.34748203)	9.636371	-0.0129318	0.34748203
C0234369 	Trembling,Trembles	267079009	trembling,trembles	(9.4701185, -0.011728778, 0.34152213)	9.4701185	-0.011728778	0.34152213
C0241254 	Mucus in stool,Mucus in stool	271864008	mucus in stool,mucus in stool	(9.81307, -0.013456115, 0.35384288)	9.81307	-0.013456115	0.35384288
C0239978 	Increased frequency of defecation,Increased frequency of defecation	15510009	increased frequency of defecation,increased frequency of defecation	(10.968511, -0.014001408, 0.3955443)	10.968511	-0.014001408	0.3955443
C0683369 	Clouded consciousness,Clouded consciousness	40917007	clouded consciousness,clouded consciousness	(9.357028, -0.0125639485, 0.3374088)	9.357028	-0.0125639485	0.3374088
C3665347 	Visual Impairment,Visual impairment	397540003	visual impairment,visual impairment	(10.649874, -0.015691917, 0.38397375)	10.649874	-0.015691917	0.38397375
C0014724 	Eructation,Belching symptom	275299008	eructation,belching symptom	(9.823555, -0.012565446, 0.35425422)	9.823555	-0.012565446	0.35425422
C0423564 	Abnormal taste in mouth,Abnormal taste in mouth	247318005	abnormal taste in mouth,abnormal taste in mouth	(11.041442, -0.01562736, 0.39811715)	11.041442	-0.01562736	0.39811715
C3472701 	Tendinitis of elbow or forearm,Tendinitis of elbow or forearm	331000119106	tendinitis of elbow or forearm,tendinitis of elbow or forearm	(10.7547035, -0.015544348, 0.3877655)	10.7547035	-0.015544348	0.3877655
C0581912 	Heavy feeling,Heavy feeling	161874006	heavy feeling,heavy feeling	(9.172072, -0.012253195, 0.33074176)	9.172072	-0.012253195	0.33074176
C2032293 	Bilateral calf pain,Bilateral calf pain	15634471000119104	bilateral calf pain,bilateral calf pain	(10.71828, -0.015369341, 0.38645715)	10.71828	-0.015369341	0.38645715
C0341117 	Esophageal erosions,Esophageal erosions	196623008	esophageal erosions,esophageal erosions	(9.669409, -0.015361503, 0.3485764)	9.669409	-0.015361503	0.3485764
C0425712 	Bad circulation - vasomotor change,Bad circulation - vasomotor change	271137009	bad circulation - vasomotor change,bad circulation - vasomotor change	(10.688409, -0.013698754, 0.38544136)	10.688409	-0.013698754	0.38544136
C0564821 	Pain in right arm,Pain in right arm	287046004	pain in right arm,pain in right arm	(11.267902, -0.015636066, 0.40629464)	11.267902	-0.015636066	0.40629464
C0016512 	Foot pain,Foot pain	47933007	foot pain,foot pain	(9.532389, -0.01209109, 0.3437579)	9.532389	-0.01209109	0.3437579
C0458256 	Heavy pain,Heavy pain	279095003	heavy pain,heavy pain	(9.423074, -0.011981589, 0.33981472)	9.423074	-0.011981589	0.33981472
C0856672 	Rectal bleeding,Hematochezia	405729008	rectal bleeding,hematochezia	(10.875969, -0.014750439, 0.3921754)	10.875969	-0.014750439	0.3921754
C0019080 	Hemorrhage,Hemorrhage	50960005	hemorrhage,hemorrhage	(11.213667, -0.016304879, 0.4043097)	11.213667	-0.016304879	0.4043097
C0017152 	Gastritis,Gastritis	4556007	gastritis,gastritis	(10.255434, -0.0138795925, 0.36980072)	10.255434	-0.0138795925	0.36980072
C0557932 	Memory lapses,Memory lapses	225038006	memory lapses,memory lapses	(10.060085, -0.013871019, 0.36274695)	10.060085	-0.013871019	0.36274695
C1562291 	Loss of interest in previously enjoyable activity,Loss of interest	247753000	loss of interest in previously enjoyable activity,loss of interest	(9.972404, -0.012458642, 0.3596324)	9.972404	-0.012458642	0.3596324
C0026821 	Muscle Cramp,Cramp	55300003	muscle cramp,cramp	(10.838422, -0.014631011, 0.3908241)	10.838422	-0.014631011	0.3908241
C0239067 	Difficulty walking up stairs,Difficulty walking up stairs	282195009	difficulty walking up stairs,difficulty walking up stairs	(12.071397, -0.017089745, 0.43525365)	12.071397	-0.017089745	0.43525365
C0242979 	Muscle Fatigue,Muscle fatigue	80449002	muscle fatigue,muscle fatigue	(9.932119, -0.013809265, 0.35812837)	9.932119	-0.013809265	0.35812837
C0085628 	Stupor,Stupor	89458003	stupor,stupor	(10.037757, -0.01434566, 0.36192217)	10.037757	-0.01434566	0.36192217
C0582140 	Unable to control behavior,Unable to control behavior	225902002	unable to control behavior,unable to control behavior	(11.101281, -0.013229057, 0.40036443)	11.101281	-0.013229057	0.40036443
C0232431 	Cold sweat,Cold sweat	83547004	cold sweat,cold sweat	(10.125138, -0.013904671, 0.36509478)	10.125138	-0.013904671	0.36509478
C0009595 	Obsessive-Compulsive Personality,Obsessive compulsive personality disorder	1376001	obsessive-compulsive personality,obsessive compulsive personality disorder	(11.797963, -0.01997392, 0.4252535)	11.797963	-0.01997392	0.4252535
C0233624 	Cheilophagia,Lip biting	196575007	cheilophagia,lip biting	(10.218356, -0.0147820255, 0.36842674)	10.218356	-0.0147820255	0.36842674
C0011057 	Hearing Loss, Sudden,Sudden hearing loss	79471008	hearing loss, sudden,sudden hearing loss	(10.73768, -0.014588316, 0.38718793)	10.73768	-0.014588316	0.38718793
C0018784 	Sensorineural Hearing Loss,Sensorineural hearing loss	60700002	sensorineural hearing loss,sensorineural hearing loss	(12.035125, -0.016670147, 0.4339601)	12.035125	-0.016670147	0.4339601
C0024421 	Macroglossia,Enlargement of tongue	25273001	macroglossia,enlargement of tongue	(10.894076, -0.016083078, 0.392777)	10.894076	-0.016083078	0.392777
C0424235 	Fidgeting,Fidgeting	247910009	fidgeting,fidgeting	(9.846896, -0.014440079, 0.35502574)	9.846896	-0.014440079	0.35502574
C0013378 	Dysgeusia,Taste sense altered	271801002	dysgeusia,taste sense altered	(10.465956, -0.013801786, 0.37740535)	10.465956	-0.013801786	0.37740535
C0235160 	Restless sleep,Restless sleep	12262002	restless sleep,restless sleep	(10.238586, -0.013826695, 0.3691943)	10.238586	-0.013826695	0.3691943
C0427068 	Monoparesis - leg,Monoparesis - leg	249945007	monoparesis - leg,monoparesis - leg	(9.947542, -0.013205179, 0.35870802)	9.947542	-0.013205179	0.35870802
C0424329 	Outbursts of anger,Outbursts of anger	274951009	outbursts of anger,outbursts of anger	(11.007905, -0.0130147645, 0.39700028)	11.007905	-0.0130147645	0.39700028
C0679136 	Low self-esteem,Low self-esteem	286647002	low self-esteem,low self-esteem	(10.715514, -0.015323534, 0.38635904)	10.715514	-0.015323534	0.38635904
C0233497 	Insecurity,Insecurity	54038000	insecurity,insecurity	(10.148304, -0.015496966, 0.36586732)	10.148304	-0.015496966	0.36586732
C1688635 	Feeling unhappy,Feeling unhappy	420038007	feeling unhappy,feeling unhappy	(9.389227, -0.01276752, 0.3385639)	9.389227	-0.01276752	0.3385639
C0557455 	Leaving job,Leaving job	224472000	leaving job,leaving job	(9.077525, -0.013238989, 0.32728934)	9.077525	-0.013238989	0.32728934
C0281822 	Skin problem,Skin problem	297982009	skin problem,skin problem	(9.331659, -0.011675246, 0.33652478)	9.331659	-0.011675246	0.33652478
C0151692 	Impaired wound healing,Impaired wound healing	271618001	impaired wound healing,impaired wound healing	(9.287989, -0.013188987, 0.3348918)	9.287989	-0.013188987	0.3348918
C0037278 	Skin Diseases, Infectious,Infection of skin	108365000	skin diseases, infectious,infection of skin	(9.80662, -0.012132533, 0.35365787)	9.80662	-0.012132533	0.35365787
C0021390 	Inflammatory Bowel Diseases,Inflammatory bowel disease	24526004	inflammatory bowel diseases,inflammatory bowel disease	(11.117824, -0.016084148, 0.40085736)	11.117824	-0.016084148	0.40085736
C0857087 	Dizzy spells,Dizzy spells	315018008	dizzy spells,dizzy spells	(10.161243, -0.013665338, 0.36640757)	10.161243	-0.013665338	0.36640757
C0233660 	Mental blocking,Thought block	2899008	mental blocking,thought block	(7.952544, -0.011033696, 0.2867505)	7.952544	-0.011033696	0.2867505
C0037195 	Sinus headache,Sinus headache	4969004	sinus headache,sinus headache	(11.159741, -0.015015613, 0.4024124)	11.159741	-0.015015613	0.4024124
C0596170 	Binge eating disorder,Binging	248122005	binge eating disorder,binging	(10.967091, -0.014603433, 0.39547127)	10.967091	-0.014603433	0.39547127
C0007398 	Catatonia,Catatonia	247917007	catatonia,catatonia	(10.444699, -0.014288347, 0.37661967)	10.444699	-0.014288347	0.37661967
C0020443 	Hypercholesterolemia,Hypercholesterolemia	13644009	hypercholesterolemia,hypercholesterolemia	(10.550858, -0.016614994, 0.38035855)	10.550858	-0.016614994	0.38035855
C0578026 	Body weight problem,Body weight problem	301336003	body weight problem,body weight problem	(9.950867, -0.012304414, 0.35886008)	9.950867	-0.012304414	0.35886008
C0270996 	Swelling of structure of eye,Swelling of structure of eye	45177002	swelling of structure of eye,swelling of structure of eye	(10.697803, -0.012270664, 0.3858286)	10.697803	-0.012270664	0.3858286
C0240941 	Pruritus of scalp,Scalp itchy	275921007	pruritus of scalp,scalp itchy	(9.900526, -0.013533463, 0.35699806)	9.900526	-0.013533463	0.35699806
C0586741 	Unable to read,Unable to read	309252004	unable to read,unable to read	(9.901485, -0.011773545, 0.35709506)	9.901485	-0.011773545	0.35709506
C0234655 	Burning sensation in eye,Burning sensation in eye	2070002	burning sensation in eye,burning sensation in eye	(10.335122, -0.013022942, 0.37270913)	10.335122	-0.013022942	0.37270913
C0560024 	Swelling of eyelid,Swelling of eyelid	193967004	swelling of eyelid,swelling of eyelid	(10.942537, -0.014198699, 0.39459944)	10.942537	-0.014198699	0.39459944
C0237220 	Abusive behavior,Abusive behavior	225481000	abusive behavior,abusive behavior	(10.454761, -0.013525632, 0.37701112)	10.454761	-0.013525632	0.37701112
C0424551 	Impaired exercise tolerance,Impaired exercise tolerance	267044007	impaired exercise tolerance,impaired exercise tolerance	(10.22288, -0.015480158, 0.36856148)	10.22288	-0.015480158	0.36856148
C0232534 	Globus sensation,Globus sensation	88889000	globus sensation,globus sensation	(10.437719, -0.014641696, 0.37635407)	10.437719	-0.014641696	0.37635407
C0085602	Polydipsia,Finding of excessive fluid intake,Polydipsia	267026004	polydipsia,finding of excessive fluid intake,polydipsia	(9.546257, -0.013670842, 0.34419954)	9.546257	-0.013670842	0.34419954
C0424091 	Loss of interest,Lack of interest	713566001	loss of interest,lack of interest	(10.20838, -0.012907769, 0.36813697)	10.20838	-0.012907769	0.36813697
C0221785 	Pain in wrist,Wrist joint pain	202482009	pain in wrist,wrist joint pain	(10.891179, -0.014255293, 0.39274296)	10.891179	-0.014255293	0.39274296
C0395922 	Cervical vertigo,Cervical vertigo	84769001	cervical vertigo,cervical vertigo	(9.915499, -0.013696372, 0.3575325)	9.915499	-0.013696372	0.3575325
C0040460 	Toothache,Toothache	27355003	toothache,toothache	(10.199505, -0.014332116, 0.3677638)	10.199505	-0.014332116	0.3677638
C0239739 	Tenderness of gums,Tenderness of gums	110341006	tenderness of gums,tenderness of gums	(10.601754, -0.013835453, 0.3823076)	10.601754	-0.013835453	0.3823076
C0015967 	Fever,Body temperature above reference range	50177009	fever,body temperature above reference range	(10.214222, -0.01224248, 0.3683706)	10.214222	-0.01224248	0.3683706
C0015300 	Exophthalmos,Exophthalmos	18265008	exophthalmos,exophthalmos	(10.708697, -0.017330995, 0.38602796)	10.708697	-0.017330995	0.38602796
C0406223 	Finger wrinkling,Finger wrinkling	238532005	finger wrinkling,finger wrinkling	(10.146907, -0.014253929, 0.3658674)	10.146907	-0.014253929	0.3658674
C0278209 	Abnormal peripheral vision,Abnormal peripheral vision	12772003	abnormal peripheral vision,abnormal peripheral vision	(10.584341, -0.01500067, 0.3816348)	10.584341	-0.01500067	0.3816348
C0268000 	Body fluid retention,Body fluid retention	43498006	body fluid retention,body fluid retention	(9.739262, -0.012386409, 0.351217)	9.739262	-0.012386409	0.351217
C0032617 	Polyuria,Polyuria	28442001	polyuria,polyuria	(10.183462, -0.014887452, 0.36716235)	10.183462	-0.014887452	0.36716235
C0557878 	Hot sweats,Hot sweats	224962007	hot sweats,hot sweats	(10.667898, -0.014746728, 0.38466206)	10.667898	-0.014746728	0.38466206
C0232448 	Abnormal skin pH,Abnormal skin pH	66118000	abnormal skin ph,abnormal skin ph	(9.3446665, -0.013576047, 0.3369232)	9.3446665	-0.013576047	0.3369232
C0032227 	Pleural effusion disorder,Pleural effusion	60046008	pleural effusion disorder,pleural effusion	(10.885138, -0.018199375, 0.39236173)	10.885138	-0.018199375	0.39236173
C0009443 	Common Cold,Common cold	82272006	common cold,common cold	(10.898654, -0.018022165, 0.39285812)	10.898654	-0.018022165	0.39285812
C0700148 	Congestion,Congestion	85804007	congestion,congestion	(9.916267, -0.0123563185, 0.3576091)	9.916267	-0.0123563185	0.3576091
C0016204 	Flatulence,Flatulence symptom	308698004	flatulence,flatulence symptom	(9.948716, -0.014512509, 0.3586999)	9.948716	-0.014512509	0.3586999
C0231403	Severe anxiety,Severe anxiety	80583007]	severe anxiety,severe anxiety	(10.022527, -0.013670537, 0.36139834)	10.022527	-0.013670537	0.36139834
C0400822	Colitis, Lymphocytic,Lymphocytic-plasmacytic colitis,Lymphocytic colitis	31437008	colitis, lymphocytic,lymphocytic-plasmacytic colitis,lymphocytic colitis	(11.41612, -0.017397862, 0.4115762)	11.41612	-0.017397862	0.4115762
C0232959 	Premenstrual symptom,Premenstrual symptom	10885003	premenstrual symptom,premenstrual symptom	(11.837115, -0.016946428, 0.42679882)	11.837115	-0.016946428	0.42679882
C0004936 	Mental disorders,Mental disorder	74732009	mental disorders,mental disorder	(10.285505, -0.0135108465, 0.3709002)	10.285505	-0.0135108465	0.3709002
C0040332 	Tobacco Dependence,Tobacco dependence syndrome	89765005	tobacco dependence,tobacco dependence syndrome	(9.925774, -0.013827645, 0.35789847)	9.925774	-0.013827645	0.35789847
C0424142 	ill-at-ease,Ill-at-ease	247806005	ill-at-ease,ill-at-ease	(10.518193, -0.014271066, 0.3792742)	10.518193	-0.014271066	0.3792742
C0040441 	Tooth Fractures,Fracture of tooth	36202009	tooth fractures,fracture of tooth	(9.941212, -0.01334773, 0.35847417)	9.941212	-0.01334773	0.35847417
C0156404 	Irregular periods,Irregular periods	80182007	irregular periods,irregular periods	(10.483696, -0.0139802, 0.3780394)	10.483696	-0.0139802	0.3780394
C0011860 	Diabetes Mellitus, Non-Insulin-Dependent,Diabetes mellitus type 2	44054006	diabetes mellitus, non-insulin-dependent,diabetes mellitus type 2	(10.627053, -0.016761161, 0.38310426)	10.627053	-0.016761161	0.38310426
C0002871 	Anemia,Anemia	271737000	anemia,anemia	(10.190844, -0.012755901, 0.36750913)	10.190844	-0.012755901	0.36750913
C0019080 	Hemorrhage,Bleeding	131148009	hemorrhage,bleeding	(10.809168, -0.015333872, 0.38974074)	10.809168	-0.015333872	0.38974074
C0031212 	Personality Disorders,Personality disorder	33449004	personality disorders,personality disorder	(10.3998375, -0.014009938, 0.3750102)	10.3998375	-0.014009938	0.3750102
C0522178 	Thoughts of self harm,Thoughts of self harm	102911000	thoughts of self harm,thoughts of self harm	(9.952993, -0.0123939, 0.3589338)	9.952993	-0.0123939	0.3589338
C0694551 	Right lower quadrant pain,Right lower quadrant pain	301754002	right lower quadrant pain,right lower quadrant pain	(10.701782, -0.01550554, 0.3858559)	10.701782	-0.01550554	0.3858559
C0151786 	Muscle Weakness,Muscle weakness	26544005	muscle weakness,muscle weakness	(9.437204, -0.012827252, 0.34029412)	9.437204	-0.012827252	0.34029412
C0004095 	Asthenopia,Eye strain	70323002	asthenopia,eye strain	(9.732773, -0.012968113, 0.3509617)	9.732773	-0.012968113	0.3509617
C0233800 	Confabulation,Confabulation	17842005	confabulation,confabulation	(9.36617, -0.014618259, 0.33765626)	9.36617	-0.014618259	0.33765626
C0577477 	Unable to perform creative activity,Unable to perform creative activity	300763008	unable to perform creative activity,unable to perform creative activity	(10.179138, -0.012666357, 0.36708954)	10.179138	-0.012666357	0.36708954
C0423636 	Cardiac pain,Cardiac chest pain	426396005	cardiac pain,cardiac chest pain	(9.616126, -0.013562418, 0.34672692)	9.616126	-0.013562418	0.34672692
C0424092 	Withdrawn,Withdrawn	247755007	withdrawn,withdrawn	(10.147597, -0.013997305, 0.36590225)	10.147597	-0.013997305	0.36590225
C0240735 	Personality change,Personality change	102943000	personality change,personality change	(10.124849, -0.0127029335, 0.36512813)	10.124849	-0.0127029335	0.36512813
C0557883 	Feeling aggressive,Feeling aggressive	224971003	feeling aggressive,feeling aggressive	(8.976983, -0.011840885, 0.32371247)	8.976983	-0.011840885	0.32371247
C0235439 	Ankle edema,Swollen ankle	267039000	ankle edema,swollen ankle	(11.085488, -0.014696945, 0.399743)	11.085488	-0.014696945	0.399743
C0038999 	Swelling,Swelling	65124004	swelling,swelling	(9.305105, -0.011804686, 0.33556145)	9.305105	-0.011804686	0.33556145
C0004096 	Asthma,Asthma	195967001	asthma,asthma	(10.298996, -0.013043351, 0.37140405)	10.298996	-0.013043351	0.37140405
C0000734 	Abdominal mass,Abdominal mass	271860004	abdominal mass,abdominal mass	(10.154246, -0.014826078, 0.3661097)	10.154246	-0.014826078	0.3661097
C0577887 	Nasal sinus problem,Nasal sinus problem	301202006	nasal sinus problem,nasal sinus problem	(11.2326145, -0.014914431, 0.4050476)	11.2326145	-0.014914431	0.4050476
C0026858 	Musculoskeletal Pain,Musculoskeletal pain	279069000	musculoskeletal pain,musculoskeletal pain	(11.456781, -0.018108157, 0.41301423)	11.456781	-0.018108157	0.41301423
C0011206 	Delirium,Delirium	2776000	delirium,delirium	(10.5109825, -0.014826406, 0.37899253)	10.5109825	-0.014826406	0.37899253
C0038661 	Suicide,Suicide	44301001	suicide,suicide	(9.496091, -0.012018125, 0.34244984)	9.496091	-0.012018125	0.34244984
C0582093 	Wanting to die,Wanting to die	225876004	wanting to die,wanting to die	(9.332405, -0.011585426, 0.33655483)	9.332405	-0.011585426	0.33655483
C0233730 	Swearing,Swearing	48285002	swearing,swearing	(9.782306, -0.0119759515, 0.35278535)	9.782306	-0.0119759515	0.35278535
C0524322 	Personal relationship breakdown,Personal relationship breakdown	105414008	personal relationship breakdown,personal relationship breakdown	(9.55567, -0.013150058, 0.3445597)	9.55567	-0.013150058	0.3445597
C0020676 	Hypothyroidism,Hypothyroidism	40930008	hypothyroidism,hypothyroidism	(10.419428, -0.016023142, 0.37563714)	10.419428	-0.016023142	0.37563714
C0233613 	Echopraxia,Echopraxia	33184005	echopraxia,echopraxia	(9.481092, -0.014406773, 0.341816)	9.481092	-0.014406773	0.341816
C0425082 	Stopped work,Stopped work	160895006	stopped work,stopped work	(9.373103, -0.012830599, 0.3379793)	9.373103	-0.012830599	0.3379793
C1384606 	Dyspareunia,Dyspareunia	71315007	dyspareunia,dyspareunia	(10.107405, -0.015483893, 0.36439073)	10.107405	-0.015483893	0.36439073
C0020538 	Hypertensive disease,Hypertensive disorder, systemic arterial	38341003	hypertensive disease,hypertensive disorder, systemic arterial	(10.41879, -0.015095252, 0.37565252)	10.41879	-0.015095252	0.37565252
C0338237 	Antibiotic therapy,Antibiotic therapy	281789004	antibiotic therapy,antibiotic therapy	(10.968088, -0.016407657, 0.39543658)	10.968088	-0.016407657	0.39543658
C0013456 	Earache,Otalgia	16001004	earache,otalgia	(10.959365, -0.01506793, 0.39517486)	10.959365	-0.01506793	0.39517486
C0241934 	Hypomania,Hypomanic mood	281257007	hypomania,hypomanic mood	(11.087317, -0.016256548, 0.3997487)	11.087317	-0.016256548	0.3997487
C0150084 	Altered thought processes,Altered thought processes	78633001	altered thought processes,altered thought processes	(10.056416, -0.013563827, 0.36262608)	10.056416	-0.013563827	0.36262608
C0041582 	Ulcer,Ulcer	429040005	ulcer,ulcer	(10.427663, -0.014845915, 0.37598288)	10.427663	-0.014845915	0.37598288
C0038358 	Gastric ulcer,Gastric ulcer	397825006	gastric ulcer,gastric ulcer	(11.299589, -0.016090231, 0.4074212)	11.299589	-0.016090231	0.4074212
C0232937 	Missed period,Missed period	36521000	missed period,missed period	(11.249865, -0.018654354, 0.4055157)	11.249865	-0.018654354	0.4055157
C0025323 	Menorrhagia,Menorrhagia	386692008	menorrhagia,menorrhagia	(10.355237, -0.01597328, 0.37332085)	10.355237	-0.01597328	0.37332085
C0233818 	Impaired judgement,Impaired judgement	38504003	impaired judgement,impaired judgement	(10.014858, -0.01624135, 0.3610149)	10.014858	-0.01624135	0.3610149
C0439814 	Prickling sensation,Prickling sensation of skin	162248005	prickling sensation,prickling sensation of skin	(10.769084, -0.013791807, 0.38835102)	10.769084	-0.013791807	0.38835102
C0234458 	Dream disorder,Dream disorder	85418005	dream disorder,dream disorder	(10.36015, -0.012595601, 0.37362748)	10.36015	-0.012595601	0.37362748
C0338481 	Ophthalmic migraine,Ophthalmic migraine	95655001	ophthalmic migraine,ophthalmic migraine	(11.48846, -0.019332724, 0.41410303)	11.48846	-0.019332724	0.41410303
C0017601 	Glaucoma,Glaucoma	23986001	glaucoma,glaucoma	(11.196739, -0.015917659, 0.40371385)	11.196739	-0.015917659	0.40371385
C0426579 	Anorexia symptom,Anorexia symptom	249468005	anorexia symptom,anorexia symptom	(10.836325, -0.014812183, 0.39074153)	10.836325	-0.014812183	0.39074153
C0424537 	Absent minded,Absent minded	46991000	absent minded,absent minded	(8.813651, -0.013273998, 0.3177581)	8.813651	-0.013273998	0.3177581
C0584995 	Difficulty writing,Difficulty writing	102938007	difficulty writing,difficulty writing	(10.54744, -0.016628155, 0.38023454)	10.54744	-0.016628155	0.38023454
C0231912 	Nocturnal cough,Nocturnal cough	62548007	nocturnal cough,nocturnal cough	(9.639316, -0.01385459, 0.3475528)	9.639316	-0.01385459	0.3475528
C0564184 	Difficulty producing voice,Difficulty producing voice	286330009	difficulty producing voice,difficulty producing voice	(10.825815, -0.015397482, 0.39033937)	10.825815	-0.015397482	0.39033937
C0278016	Hard stool,Hard stool,Faeces hard	75295004	hard stool,hard stool,faeces hard	(9.043237, -0.011844863, 0.32610464)	9.043237	-0.011844863	0.32610464
C0751466 	Phonophobia,Phonophobia	313387002	phonophobia,phonophobia	(10.397653, -0.0150071075, 0.3748927)	10.397653	-0.0150071075	0.3748927
C0241981 	Impairment of balance,Impairment of balance	387603000	impairment of balance,impairment of balance	(11.069631, -0.015629489, 0.399135)	11.069631	-0.015629489	0.399135
C0235234 	Pharyngeal dryness,Pharyngeal dryness	102618009	pharyngeal dryness,pharyngeal dryness	(10.680076, -0.015168299, 0.3850854)	10.680076	-0.015168299	0.3850854
C0560085 	Difficulty walking down stairs,Difficulty walking down stairs	282201001	difficulty walking down stairs,difficulty walking down stairs	(12.189656, -0.017366856, 0.43951336)	12.189656	-0.017366856	0.43951336
C0239779 	Grimaces,Grimaces	39960009	grimaces,grimaces	(9.419045, -0.012380906, 0.33965495)	9.419045	-0.012380906	0.33965495
C0037933 	Spinal Diseases,Disorder of vertebral column	699699005	spinal diseases,disorder of vertebral column	(10.373235, -0.014516063, 0.3740303)	10.373235	-0.014516063	0.3740303
C0158262 	Degeneration of cervical intervertebral disc,Degeneration of cervical intervertebral disc	69195002	degeneration of cervical intervertebral disc,degeneration of cervical intervertebral disc	(11.631096, -0.01836586, 0.419299)	11.631096	-0.01836586	0.419299
C0242362 	Disk, Herniated,Intervertebral disc prolapse	73589001	disk, herniated,intervertebral disc prolapse	(10.964681, -0.016473262, 0.39531073)	10.964681	-0.016473262	0.39531073
C0037944 	Spinal Stenosis,Spinal stenosis	76107001	spinal stenosis,spinal stenosis	(10.734053, -0.0159723, 0.3870023)	10.734053	-0.0159723	0.3870023
C0239833 	Hand pain,Hand pain	53057004	hand pain,hand pain	(9.243119, -0.012010177, 0.33331603)	9.243119	-0.012010177	0.33331603
C0239377 	Arm Pain,Pain in upper limb	102556003	arm pain,pain in upper limb	(10.996841, -0.014134544, 0.39656255)	10.996841	-0.014134544	0.39656255
C0020624 	Hypomenorrhea,Hypomenorrhea	64206003	hypomenorrhea,hypomenorrhea	(11.110086, -0.016617117, 0.4005562)	11.110086	-0.016617117	0.4005562
C0424158 	Fear of losing emotional control,Fear of losing emotional control	247823001	fear of losing emotional control,fear of losing emotional control	(11.68403, -0.014231798, 0.42137083)	11.68403	-0.014231798	0.42137083
c0037317	sleep disturbances,Disturbance in sleep behavior	53888004	sleep disturbances,disturbance in sleep behavior	(10.787002, -0.013556962, 0.38900623)	10.787002	-0.013556962	0.38900623
C0036104 	secretion of saliva,Salivary secretion, function	34178000	secretion of saliva,salivary secretion, function	(10.470153, -0.014664091, 0.37752444)	10.470153	-0.014664091	0.37752444
C0558171 	Deteriorating vision,Sight deteriorating	225581002	deteriorating vision,sight deteriorating	(9.507916, -0.01281926, 0.34284776)	9.507916	-0.01281926	0.34284776
C0001807 	Aggressive behavior,Aggressive behavior	61372001	aggressive behavior,aggressive behavior	(9.783716, -0.012967107, 0.35280123)	9.783716	-0.012967107	0.35280123
C0582141 	Difficulty controlling behavior,Difficulty controlling behavior	225903007	difficulty controlling behavior,difficulty controlling behavior	(10.147914, -0.01403051, 0.3659124)	10.147914	-0.01403051	0.3659124
C0424557 	Sweaty feet,Sweaty feet	248247003	sweaty feet,sweaty feet	(9.599414, -0.013147712, 0.34613937)	9.599414	-0.013147712	0.34613937
C0575805 	swelling of hands,Swelling of hand	299037003	swelling of hands,swelling of hand	(9.82559, -0.01213226, 0.3543428)	9.82559	-0.01213226	0.3543428
C0042109 	Urticaria,Urticaria	64305001	urticaria,urticaria	(10.239304, -0.014182262, 0.36920676)	10.239304	-0.014182262	0.36920676
C0019345 	Herpes Labialis,Herpes labialis	1475003	herpes labialis,herpes labialis	(10.461001, -0.016835796, 0.37710324)	10.461001	-0.016835796	0.37710324
C0010200 	Coughing,Cough	49727002	coughing,cough	(9.683678, -0.012207814, 0.34921634)	9.683678	-0.012207814	0.34921634
C0019112 	Hemorrhoids,Hemorrhoids	70153002	hemorrhoids,hemorrhoids	(11.381021, -0.017799875, 0.41029128)	11.381021	-0.017799875	0.41029128
C0343495 	Lockjaw,Tetanus with trismus	240432006	lockjaw,tetanus with trismus	(8.606848, -0.012969669, 0.31030196)	8.606848	-0.012969669	0.31030196
C0271650 	Impaired glucose tolerance,Impaired glucose tolerance	9414007	impaired glucose tolerance,impaired glucose tolerance	(10.625374, -0.015856178, 0.38308212)	10.625374	-0.015856178	0.38308212
C0587054 	Numbness of finger,Numbness of finger	309536001	numbness of finger,numbness of finger	(10.071444, -0.013252791, 0.36318022)	10.071444	-0.013252791	0.36318022
